player_id,player,role,role_source,archetype,confidence,n_target,n_eff,xg_target,seasons_used,target_season
1324,Federico Dimarco,DF,understat,left-side defender,0.421,7,53.5,0.76,2425+2526+2627,2627
8204,Neco Williams,DF,understat,left-side defender,0.423,3,35.2,0.37,2425+2526+2627,2627
11402,Carlos Romero,DF,understat,left-side defender,0.558,4,32.2,0.35,2425+2526+2627,2627
419,Maximilian Mittelstädt,DF,understat,left-side defender,0.277,3,23.8,0.43,2425+2526+2627,2627
6500,Romain Perraud,DF,understat,left-side defender,0.525,2,23.5,0.07,2425+2526+2627,2627
2229,Yuri,DF,understat,left-side defender,0.439,7,23.0,0.22,2425+2526+2627,2627
9691,Nuno Tavares,DF,understat,left-side defender,0.569,7,22.0,0.54,2425+2526+2627,2627
9961,Nuno Mendes,DF,understat,left-side defender,0.616,1,21.2,0.07,2425+2526+2627,2627
11807,Ian Maatsen,DF,understat,left-side defender,0.52,5,19.8,0.25,2425+2526+2627,2627
1791,Trent Alexander-Arnold,DF,understat,left-side defender,0.04,3,19.2,0.18,2425+2526+2627,2627
3729,Hassane Kamara,DF,understat,left-side defender,0.675,7,19.2,0.67,2425+2526+2627,2627
13093,Derrick Köhn,DF,understat,left-side defender,0.614,2,19.2,0.06,2425+2526+2627,2627
10216,Lewis Hall,DF,understat,left-side defender,0.527,3,18.2,0.1,2425+2526+2627,2627
8214,Tyrick Mitchell,DF,understat,left-side defender,0.265,5,17.5,1.03,2425+2526+2627,2627
8513,Miguel Gutiérrez,DF,understat,left-side defender,0.42,3,17.5,0.09,2425+2526+2627,2627
8640,Adrien Truffert,DF,understat,left-side defender,0.614,3,16.8,0.1,2425+2526+2627,2627
11744,Sergi Cardona,DF,understat,left-side defender,0.209,2,16.0,0.06,2425+2526+2627,2627
8122,Sergio Carreira,DF,understat,left-side defender,0.283,4,15.2,0.36,2425+2526+2627,2627
6242,Johan Mojica,DF,understat,left-side defender,0.173,2,14.8,0.05,2425+2526+2627,2627
1245,Emerson,DF,understat,left-side defender,0.605,3,14.5,0.11,2425+2526+2627,2627
5136,Estupiñán,DF,understat,left-side defender,0.522,3,14.5,0.08,2425+2526+2627,2627
8190,Melvin Bard,DF,understat,left-side defender,0.65,1,14.2,0.02,2425+2526+2627,2627
11087,Pep Chavarría,DF,understat,left-side defender,0.792,1,12.8,0.03,2425+2526+2627,2627
12822,Álex Valle,DF,understat,left-side defender,0.247,5,12.8,0.18,2425+2526+2627,2627
8733,Alfonso Espino,DF,understat,left-side defender,0.671,0,12.5,0.0,2425+2526,2627
7286,Juan Miranda,DF,understat,left-side defender,0.605,0,12.0,0.0,2425+2526,2627
1823,Lucas Digne,DF,understat,left-side defender,0.344,1,11.2,0.02,2425+2526+2627,2627
11709,Milos Kerkez,DF,understat,left-side defender,0.621,2,11.2,0.04,2425+2526+2627,2627
2547,Theo Hernández,DF,understat,left-side defender,0.502,0,11.0,0.0,2425,2627
8940,Antonee Robinson,DF,understat,left-side defender,0.372,4,11.0,0.33,2425+2526+2627,2627
12854,Martin Frese,DF,understat,left-side defender,0.303,0,11.0,0.0,2425+2526,2627
1688,Andrew Robertson,DF,understat,left-side defender,0.265,2,10.8,0.1,2425+2526+2627,2627
7605,Manuel Sánchez,DF,understat,left-side defender,0.296,1,10.5,0.01,2425+2526+2627,2627
13968,Daouda Guindo,DF,understat,left-side defender,0.464,0,10.5,0.0,2526,2627
8967,Lautaro Valenti,DF,understat,left-side defender,0.204,0,10.2,0.0,2425+2526,2627
10073,Adam Obert,DF,understat,left-side defender,0.246,3,10.2,0.15,2425+2526+2627,2627
4120,Álex Moreno,DF,understat,left-side defender,0.503,0,10.0,0.0,2425+2526,2627
2505,José Gayá,DF,understat,left-side defender,0.247,0,9.5,0.0,2425+2526,2627
4243,Christian Günter,DF,understat,left-side defender,0.786,0,9.5,0.0,2425+2526,2627
5065,Diego Rico,DF,understat,left-side defender,0.309,0,9.5,0.0,2425+2526,2627
11991,Lukas Ullrich,DF,understat,left-side defender,0.094,2,9.0,0.08,2425+2526+2627,2627
10802,Lisandro Martínez,DF,understat,left-side defender,0.123,2,8.8,0.04,2425+2526+2627,2627
9805,Álex Balde,DF,understat,left-side defender,0.499,0,8.0,0.0,2425+2526,2627
10291,Vitalii Mykolenko,DF,understat,left-side defender,0.523,0,8.0,0.0,2425+2526,2627
11824,Lucas Pires,DF,understat,left-side defender,0.729,0,8.0,0.0,2526,2627
12841,Dayann Methalie,DF,understat,left-side defender,0.265,0,7.5,0.0,2526,2627
9217,Jesús Vázquez,DF,understat,left-side defender,0.558,2,7.2,0.08,2425+2526+2627,2627
4970,Luca Pellegrini,DF,understat,left-side defender,0.306,0,6.8,0.0,2425+2526,2627
8034,Georgios Kyriakopoulos,DF,understat,left-side defender,0.714,0,6.8,0.0,2425,2627
2594,Sergio Akieme,DF,understat,left-side defender,0.181,0,6.5,0.0,2425,2627
9810,Fran García,DF,understat,left-side defender,0.031,0,6.5,0.0,2425+2526,2627
13278,Youssef Lekhedim,DF,understat,left-side defender,0.007,1,6.5,0.02,2526+2627,2627
13414,Hennes Behrens,DF,understat,left-side defender,0.44,2,6.5,0.13,2526+2627,2627
1006,Luke Shaw,DF,understat,left-side defender,0.057,1,6.2,0.04,2425+2526+2627,2627
8009,Antonino Gallo,DF,understat,left-side defender,0.412,1,6.2,0.01,2425+2526+2627,2627
9807,Gideon Mensah,DF,understat,left-side defender,0.124,4,5.5,0.08,2425+2526+2627,2627
13740,David Møller Wolfe,DF,understat,left-side defender,0.314,4,5.5,0.2,2526+2627,2627
13794,Arsène Kouassi,DF,understat,left-side defender,0.225,1,5.5,0.02,2526+2627,2627
7385,Javi Galán,DF,understat,left-side defender,0.325,0,5.2,0.0,2425+2526,2627
6517,Charalampos Lykogiannis,DF,understat,left-side defender,0.286,0,5.0,0.0,2425+2526,2627
10940,Giacomo Quagliata,DF,understat,left-side defender,0.276,5,5.0,0.36,2627,2627
1164,Cristiano Biraghi,DF,understat,low-volume DF,0.351,0,4.8,0.0,2425+2526,2627
2163,Diego Llorente,DF,understat,low-volume DF,0.658,0,4.8,0.0,2425+2526,2627
5043,Kiko Femenía,DF,understat,low-volume DF,0.668,0,4.8,0.0,2425+2526,2627
7589,Wesley Fofana,DF,understat,low-volume DF,0.56,0,4.8,0.0,2425+2526,2627
7875,Christopher Trimmel,DF,understat,low-volume DF,0.53,0,4.8,0.0,2425+2526,2627
8303,Marin Pongracic,DF,understat,low-volume DF,0.252,0,4.8,0.0,2425+2526,2627
8413,Javier López,DF,understat,low-volume DF,0.127,0,4.8,0.0,2425+2526,2627
9952,Ridgeciano Haps,DF,understat,low-volume DF,0.027,1,4.8,0.57,2425+2627,2627
12272,Myles Lewis-Skelly,DF,understat,low-volume DF,0.078,3,4.8,0.16,2425+2526+2627,2627
13100,Juma Bah,DF,understat,low-volume DF,0.805,0,4.8,0.0,2425+2526,2627
64,Filip Kostic,DF,understat,low-volume DF,0.07,0,4.5,0.0,2526,2627
257,Jeremy Toljan,DF,understat,low-volume DF,0.391,0,4.5,0.0,2526,2627
418,Niklas Stark,DF,understat,low-volume DF,0.45,0,4.5,0.0,2425+2526,2627
1739,Eric Bailly,DF,understat,low-volume DF,0.402,0,4.5,0.0,2425+2526,2627
2958,Oleksandr Zinchenko,DF,understat,low-volume DF,0.275,0,4.5,0.0,2425+2526,2627
7268,Bafode Diakite,DF,understat,low-volume DF,0.668,0,4.5,0.0,2425+2526,2627
7306,Aihen Muñoz,DF,understat,low-volume DF,0.148,0,4.5,0.0,2425+2526,2627
9768,Jesús Areso,DF,understat,low-volume DF,0.55,1,4.5,0.08,2425+2526+2627,2627
11243,Bashir Humphreys,DF,understat,low-volume DF,0.215,0,4.5,0.0,2526,2627
12115,Adrián Niño,DF,shot-profile,low-volume DF,0.24,4,4.5,0.31,2425+2627,2627
12258,Luc Zogbe,DF,understat,low-volume DF,0.388,1,4.5,0.05,2425+2526+2627,2627
12381,Panos Katseris,DF,understat,low-volume DF,0.271,1,4.5,0.07,2526+2627,2627
12783,Alessandro Circati,DF,understat,low-volume DF,0.829,0,4.5,0.0,2425+2526,2627
12858,Daniele Ghilardi,DF,understat,low-volume DF,0.561,0,4.5,0.0,2425+2526,2627
13456,Amar Dedic,DF,understat,low-volume DF,0.529,3,4.5,0.22,2425+2627,2627
13727,Quilindschy Hartman,DF,understat,low-volume DF,0.198,0,4.5,0.0,2526,2627
13979,Mariano Troilo,DF,understat,low-volume DF,0.597,0,4.5,0.0,2526,2627
13983,David Carmo,DF,understat,low-volume DF,0.403,0,4.5,0.0,2526,2627
14019,Zé Pedro,DF,understat,low-volume DF,0.42,1,4.5,0.34,2526+2627,2627
14129,Xavi Espart,DF,understat,low-volume DF,0.212,4,4.5,0.17,2526+2627,2627
579,Nathan Aké,DF,understat,low-volume DF,0.629,0,4.2,0.0,2425+2526,2627
5590,Tosin Adarabioyo,DF,understat,low-volume DF,0.72,0,4.2,0.0,2425+2526,2627
7472,Wilfried Stephane Singo,DF,understat,low-volume DF,0.46,0,4.2,0.0,2425,2627
8422,Javi Hernández,DF,understat,low-volume DF,0.242,0,4.2,0.0,2425,2627
9090,Ardian Ismajli,DF,understat,low-volume DF,0.685,0,4.2,0.0,2425+2526,2627
9699,Bamo Meïté,DF,understat,low-volume DF,0.728,0,4.2,0.0,2425+2526,2627
10293,Toti,DF,understat,low-volume DF,0.369,0,4.2,0.0,2425+2526,2627
10986,Kim Min-Jae,DF,understat,low-volume DF,0.523,0,4.2,0.0,2425+2526,2627
12782,Woyo Coulibaly,DF,understat,low-volume DF,0.518,0,4.2,0.0,2425+2526,2627
12848,Florent Hanin,DF,understat,low-volume DF,0.143,0,4.2,0.0,2425+2526,2627
12874,Richie Sagrado,DF,understat,low-volume DF,0.047,4,4.2,1.04,2425+2627,2627
13395,Danilo Veiga,DF,understat,low-volume DF,0.502,0,4.2,0.0,2425+2526,2627
399,Ulisses García,DF,understat,low-volume DF,0.256,0,4.0,0.0,2425+2526,2627
934,Axel Tuanzebe,DF,understat,low-volume DF,0.412,2,4.0,0.15,2425+2526+2627,2627
6852,Matt Doherty,DF,understat,low-volume DF,0.384,0,4.0,0.0,2425+2526,2627
6888,William Saliba,DF,understat,low-volume DF,0.322,0,4.0,0.0,2425+2526,2627
7742,Valentin Gendrey,DF,understat,low-volume DF,0.588,0,4.0,0.0,2425+2526,2627
8197,Ilario Monterisi,DF,understat,low-volume DF,0.607,4,4.0,0.21,2627,2627
8200,Logan Costa,DF,understat,low-volume DF,0.39,1,4.0,0.09,2425+2627,2627
8942,Aaron Hickey,DF,understat,low-volume DF,0.729,1,4.0,0.04,2526+2627,2627
9661,Igor Silva,DF,understat,low-volume DF,0.393,0,4.0,0.0,2526,2627
10300,Jeanuël Belocian,DF,understat,low-volume DF,0.081,2,4.0,0.07,2526+2627,2627
10467,Soumaila Coulibaly,DF,understat,low-volume DF,0.612,0,4.0,0.0,2425+2526,2627
12004,Joel Mvuka,DF,understat,low-volume DF,0.348,0,4.0,0.0,2526,2627
12250,Elias Baum,DF,understat,low-volume DF,0.308,4,4.0,0.27,2627,2627
12537,Asier Osambela,DF,understat,low-volume DF,0.112,1,4.0,0.02,2526+2627,2627
12877,Lorenzo Lucchesi,DF,understat,low-volume DF,0.877,4,4.0,0.55,2627,2627
12905,Nicolò Savona,DF,understat,low-volume DF,0.309,0,4.0,0.0,2425+2526,2627
12974,Karol Mets,DF,understat,low-volume DF,0.328,0,4.0,0.0,2425+2526,2627
13080,Ayden Heaven,DF,understat,low-volume DF,0.567,2,4.0,0.13,2425+2526+2627,2627
13447,Oliver Provstgaard,DF,understat,low-volume DF,0.705,1,4.0,0.09,2526+2627,2627
13875,Jamil Siebert,DF,understat,low-volume DF,0.392,1,4.0,0.09,2526+2627,2627
13893,Martin Vitík,DF,understat,low-volume DF,0.429,0,4.0,0.0,2526,2627
13904,Abdoulaye Faye,DF,understat,low-volume DF,0.64,0,4.0,0.0,2526,2627
14126,Montrell Culbreath,DF,understat,low-volume DF,0.257,0,4.0,0.0,2526,2627
14345,Tomoya Ando,DF,understat,low-volume DF,0.682,0,4.0,0.0,2526,2627
14408,Bryan Okoh,DF,understat,low-volume DF,0.679,0,4.0,0.0,2526,2627
14798,Kaiki,DF,understat,low-volume DF,0.008,4,4.0,0.78,2627,2627
14811,Xavier Mandza,DF,understat,low-volume DF,0.191,4,4.0,0.06,2627,2627
14859,António Silva,DF,understat,low-volume DF,0.34,4,4.0,1.19,2627,2627
14868,Djibril Ouziad,DF,understat,low-volume DF,0.395,4,4.0,0.37,2627,2627
14887,Gabriele Calvani,DF,understat,low-volume DF,0.586,4,4.0,0.17,2627,2627
7511,Sacha Boey,DF,understat,low-volume DF,0.518,0,3.8,0.0,2425+2526,2627
8829,Nicolò Casale,DF,understat,low-volume DF,0.907,0,3.8,0.0,2425+2526,2627
9710,Armel Bella Kotchap,DF,understat,low-volume DF,0.307,2,3.8,0.5,2425+2526+2627,2627
11054,Juan Cabal,DF,understat,low-volume DF,0.122,0,3.8,0.0,2425+2526,2627
11819,Clinton Mata,DF,understat,low-volume DF,0.235,0,3.8,0.0,2425+2526,2627
12927,Ramon Hendriks,DF,understat,low-volume DF,0.25,0,3.8,0.0,2425+2526,2627
326,Pascal Stenzel,DF,understat,low-volume DF,0.72,0,3.5,0.0,2425+2526,2627
849,Chancel Mbemba,DF,understat,low-volume DF,0.3,0,3.5,0.0,2526,2627
1843,Matteo Bianchetti,DF,understat,low-volume DF,0.657,0,3.5,0.0,2526,2627
1857,David López,DF,understat,low-volume DF,0.37,0,3.5,0.0,2425+2526,2627
6180,Manuel Lazzari,DF,understat,low-volume DF,0.697,0,3.5,0.0,2425+2526,2627
6885,Axel Disasi,DF,understat,low-volume DF,0.254,0,3.5,0.0,2425+2526,2627
7081,Francisco Sierralta,DF,understat,low-volume DF,0.81,0,3.5,0.0,2526,2627
8780,Joël Veltman,DF,understat,low-volume DF,0.07,0,3.5,0.0,2425+2526,2627
8804,Felix Agu,DF,understat,low-volume DF,0.103,0,3.5,0.0,2425+2526,2627
8854,Tim Siersleben,DF,understat,low-volume DF,0.009,0,3.5,0.0,2425+2526,2627
9922,Jon Karrikaburu,DF,shot-profile,low-volume DF,0.156,0,3.5,0.0,2526,2627
11797,Maxime Colin,DF,understat,low-volume DF,0.435,0,3.5,0.0,2526,2627
11924,Clemens Riedel,DF,understat,low-volume DF,0.565,2,3.5,0.03,2526+2627,2627
12189,Hugo Rincón,DF,understat,low-volume DF,0.196,0,3.5,0.0,2526,2627
12984,Adam Dzwigala,DF,understat,low-volume DF,0.079,0,3.5,0.0,2425+2526,2627
13698,Rahim Alhassane,DF,understat,low-volume DF,0.187,2,3.5,0.36,2526+2627,2627
13946,João Mário,DF,understat,low-volume DF,0.656,0,3.5,0.0,2526,2627
75,Niklas Süle,DF,understat,low-volume DF,0.696,0,3.2,0.0,2425+2526,2627
1241,Pedro Pereira,DF,understat,low-volume DF,0.502,0,3.2,0.0,2425,2627
2260,Daniel Carvajal,DF,understat,low-volume DF,0.35,0,3.2,0.0,2425+2526,2627
2484,Iñigo Martínez,DF,understat,low-volume DF,0.365,0,3.2,0.0,2425,2627
6816,Jean-Clair Todibo,DF,understat,low-volume DF,0.578,1,3.2,0.02,2425+2526+2627,2627
8831,Iyenoma Destiny Udogie,DF,understat,low-volume DF,0.09,0,3.2,0.0,2425+2526,2627
9652,Alidu Seidu,DF,understat,low-volume DF,0.602,0,3.2,0.0,2425+2526,2627
12769,Derek Cornelius,DF,understat,low-volume DF,0.698,1,3.2,0.06,2425+2627,2627
12791,Sergio González,DF,understat,low-volume DF,0.842,0,3.2,0.0,2425,2627
12944,Jakov Medic,DF,understat,low-volume DF,0.103,0,3.2,0.0,2425,2627
13050,Ignace Van der Brempt,DF,understat,low-volume DF,0.423,0,3.2,0.0,2425+2526,2627
1204,Patric,DF,understat,low-volume DF,0.202,0,3.0,0.0,2425+2526,2627
1264,Edoardo Goldaniga,DF,understat,low-volume DF,0.538,0,3.0,0.0,2425,2627
2228,Aritz Elustondo,DF,understat,low-volume DF,0.767,0,3.0,0.0,2425+2526,2627
6103,Dan-Axel Zagadou,DF,understat,low-volume DF,0.079,0,3.0,0.0,2526,2627
8351,Ki-Jana Hoever,DF,understat,low-volume DF,0.741,0,3.0,0.0,2425+2526,2627
9512,Valentino Livramento,DF,understat,low-volume DF,0.569,0,3.0,0.0,2425+2526,2627
9833,Andrew Omobamidele,DF,understat,low-volume DF,0.403,1,3.0,0.05,2526+2627,2627
10413,Giovanni Bonfanti,DF,understat,low-volume DF,0.198,0,3.0,0.0,2526,2627
11026,Luka Lochoshvili,DF,understat,low-volume DF,0.656,3,3.0,0.21,2627,2627
11073,Fabio Chiarodia,DF,understat,low-volume DF,0.134,0,3.0,0.0,2425+2526,2627
11704,Hjalmar Ekdal,DF,understat,low-volume DF,0.184,0,3.0,0.0,2526,2627
11751,Joseph Okumu,DF,understat,low-volume DF,0.54,0,3.0,0.0,2425,2627
11806,Sadibou Sané,DF,understat,low-volume DF,0.547,0,3.0,0.0,2526,2627
12356,Saba Goglichidze,DF,understat,low-volume DF,0.18,0,3.0,0.0,2425+2526,2627
12958,Alessandro Marcandalli,DF,understat,low-volume DF,0.778,0,3.0,0.0,2425+2526,2627
13042,Mohamed Abdelmonem,DF,understat,low-volume DF,0.42,3,3.0,0.18,2627,2627
13068,Morato,DF,understat,low-volume DF,0.399,0,3.0,0.0,2425+2526,2627
13185,Jahmai Simpson-Pusey,DF,understat,low-volume DF,0.384,0,3.0,0.0,2526,2627
13496,Karim Coulibaly,DF,understat,low-volume DF,0.349,0,3.0,0.0,2526,2627
13776,Jorrel Hato,DF,understat,low-volume DF,0.116,1,3.0,0.03,2526+2627,2627
13929,Riyad Idrissi,DF,understat,low-volume DF,0.147,0,3.0,0.0,2526,2627
13999,Terry Yegbe,DF,understat,low-volume DF,0.689,0,3.0,0.0,2526,2627
14099,Luke O&#039;Nien,DF,understat,low-volume DF,0.022,1,3.0,0.02,2526+2627,2627
14432,Ali Youssif,DF,understat,low-volume DF,0.119,0,3.0,0.0,2526,2627
14692,Manu Hernando,DF,understat,low-volume DF,0.113,3,3.0,0.12,2627,2627
14727,Ángel Recio,DF,understat,low-volume DF,0.294,3,3.0,0.12,2627,2627
14844,Felix Bacher,DF,understat,low-volume DF,0.552,3,3.0,0.23,2627,2627
14978,Mats Rots,DF,understat,low-volume DF,0.296,3,3.0,0.07,2627,2627
14997,Lucas Maronnier,DF,understat,low-volume DF,0.285,3,3.0,0.5,2627,2627
557,Matteo Darmian,DF,understat,low-volume DF,0.13,0,2.8,0.0,2425,2627
1463,Francesco Acerbi,DF,understat,low-volume DF,0.52,0,2.8,0.0,2425+2526,2627
7002,Giangiacomo Magnani,DF,understat,low-volume DF,0.58,0,2.8,0.0,2425,2627
7245,Javi Sánchez,DF,understat,low-volume DF,0.355,0,2.8,0.0,2425,2627
8070,Mateu Morey,DF,understat,low-volume DF,0.318,0,2.8,0.0,2425+2526,2627
8103,Modibo Sagnan,DF,understat,low-volume DF,0.517,0,2.8,0.0,2425,2627
8380,Pablo Marí,DF,understat,low-volume DF,0.123,0,2.8,0.0,2425+2526,2627
9855,Mattia Viti,DF,understat,low-volume DF,0.084,0,2.8,0.0,2425,2627
10389,Fali Candé,DF,understat,low-volume DF,0.222,0,2.8,0.0,2425+2526,2627
12317,Nhoa Sangui,DF,understat,low-volume DF,0.292,0,2.8,0.0,2425+2526,2627
12430,Nnamdi Collins,DF,understat,low-volume DF,0.122,0,2.8,0.0,2425+2526,2627
13141,Kyllian Antonio,DF,understat,low-volume DF,0.39,2,2.8,0.05,2425+2526+2627,2627
943,Massadio Haidara,DF,understat,low-volume DF,0.272,0,2.5,0.0,2425,2627
1370,Federico Ceccherini,DF,understat,low-volume DF,0.001,0,2.5,0.0,2526,2627
1673,Edimilson Fernandes,DF,understat,low-volume DF,0.46,0,2.5,0.0,2425,2627
3645,Olivier Boscagli,DF,understat,low-volume DF,0.339,2,2.5,0.05,2526+2627,2627
4160,David Costas,DF,understat,low-volume DF,0.602,0,2.5,0.0,2526,2627
5238,Jordan Torunarigha,DF,understat,low-volume DF,0.165,0,2.5,0.0,2526,2627
5803,Fode Toure,DF,understat,low-volume DF,0.262,0,2.5,0.0,2526,2627
5989,Moussa Niakhate,DF,understat,low-volume DF,0.185,0,2.5,0.0,2425+2526,2627
6080,Victor Lindelöf,DF,understat,low-volume DF,0.322,1,2.5,0.6,2526+2627,2627
6239,Junior Sambia,DF,understat,low-volume DF,0.632,0,2.5,0.0,2425,2627
6485,Júnior Firpo,DF,understat,low-volume DF,0.675,0,2.5,0.0,2526,2627
7430,Emerson,DF,understat,low-volume DF,0.654,0,2.5,0.0,2425,2627
7632,Ivan Ordets,DF,understat,low-volume DF,0.497,0,2.5,0.0,2425,2627
7791,Sebastiaan Bornauw,DF,understat,low-volume DF,0.651,0,2.5,0.0,2425+2526,2627
8314,Yvann Maçon,DF,understat,low-volume DF,0.653,0,2.5,0.0,2425,2627
9631,Christopher Wooh,DF,understat,low-volume DF,0.535,0,2.5,0.0,2425,2627
9679,Rico Henry,DF,understat,low-volume DF,0.323,0,2.5,0.0,2526,2627
10224,Mika Mármol,DF,understat,low-volume DF,0.336,0,2.5,0.0,2425,2627
10757,Scott McKenna,DF,understat,low-volume DF,0.333,0,2.5,0.0,2425,2627
10811,Ismaily,DF,understat,low-volume DF,0.202,0,2.5,0.0,2425,2627
10817,Paul Joly,DF,understat,low-volume DF,0.606,0,2.5,0.0,2425,2627
11031,Kilian Fischer,DF,understat,low-volume DF,0.484,0,2.5,0.0,2425+2526,2627
11105,Abdul Mumin,DF,understat,low-volume DF,0.18,0,2.5,0.0,2425,2627
11311,Aurélio Buta,DF,understat,low-volume DF,0.391,0,2.5,0.0,2425+2526,2627
11747,Juan Herzog,DF,understat,low-volume DF,0.504,0,2.5,0.0,2425,2627
12530,Mikayil Faye,DF,understat,low-volume DF,0.248,0,2.5,0.0,2425+2526,2627
12535,Josh Acheampong,DF,understat,low-volume DF,0.281,0,2.5,0.0,2425+2526,2627
12745,Jacob Greaves,DF,understat,low-volume DF,0.399,0,2.5,0.0,2425,2627
12755,Cameron Burgess,DF,understat,low-volume DF,0.697,0,2.5,0.0,2425,2627
12926,Bruno Ogbus,DF,understat,low-volume DF,0.343,0,2.5,0.0,2526,2627
13779,Jair,DF,understat,low-volume DF,0.424,1,2.5,0.01,2526+2627,2627
13960,Fallou Cham,DF,understat,low-volume DF,0.542,0,2.5,0.0,2526,2627
13974,Isaac Schmidt,DF,understat,low-volume DF,0.655,0,2.5,0.0,2526,2627
14013,Adam El Mokhtari,DF,shot-profile,low-volume DF,0.188,0,2.5,0.0,2526,2627
14048,Calvin Verdonk,DF,understat,low-volume DF,0.096,1,2.5,0.01,2526+2627,2627
14065,Juan Rodríguez,DF,understat,low-volume DF,0.039,1,2.5,0.02,2526+2627,2627
14334,Thiago Borbas,DF,shot-profile,low-volume DF,0.33,0,2.5,0.0,2526,2627
14382,Eivind Helland,DF,understat,low-volume DF,0.584,2,2.5,0.16,2526+2627,2627
14396,Alexander Freeman,DF,understat,low-volume DF,0.559,2,2.5,0.06,2526+2627,2627
14519,Ville Koski,DF,understat,low-volume DF,0.28,2,2.5,0.92,2526+2627,2627
660,Ben Davies,DF,understat,low-volume DF,0.51,0,2.2,0.0,2425+2526,2627
1193,Lorenzo De Silvestri,DF,understat,low-volume DF,0.513,0,2.2,0.0,2425,2627
1247,Juan Jesus,DF,understat,low-volume DF,0.474,0,2.2,0.0,2425+2526,2627
1523,Danilo D&#039;Ambrosio,DF,understat,low-volume DF,0.024,0,2.2,0.0,2425,2627
3203,Issa Diop,DF,understat,low-volume DF,0.508,0,2.2,0.0,2425+2526,2627
3239,Hamari Traore,DF,understat,low-volume DF,0.567,0,2.2,0.0,2425+2526,2627
5137,Álex Muñoz,DF,understat,low-volume DF,0.234,0,2.2,0.0,2425,2627
5672,Iván Balliu,DF,understat,low-volume DF,0.204,0,2.2,0.0,2425+2526,2627
6436,Stanley N&#039;Soki,DF,understat,low-volume DF,0.053,0,2.2,0.0,2425+2526,2627
7432,Reinildo,DF,understat,low-volume DF,0.308,0,2.2,0.0,2425+2526,2627
8423,Jon Pacheco Dozagarat,DF,understat,low-volume DF,0.575,0,2.2,0.0,2425+2526,2627
8691,Saidou Sow,DF,understat,low-volume DF,0.569,0,2.2,0.0,2425,2627
8785,Cédric Kipré,DF,understat,low-volume DF,0.025,0,2.2,0.0,2425,2627
9629,El Chadaille Bitshiabu,DF,understat,low-volume DF,0.532,0,2.2,0.0,2425+2526,2627
10862,Tim Oermann,DF,understat,low-volume DF,0.623,0,2.2,0.0,2425,2627
11253,Mamadou Sarr,DF,understat,low-volume DF,0.522,0,2.2,0.0,2425+2526,2627
11816,Abakar Sylla,DF,understat,low-volume DF,0.603,0,2.2,0.0,2425+2526,2627
12358,Oliver Scarles,DF,understat,low-volume DF,0.281,0,2.2,0.0,2425+2526,2627
13156,Pedro Lima,DF,understat,low-volume DF,0.401,0,2.2,0.0,2425+2526,2627
13425,Luca Jaquez,DF,understat,low-volume DF,0.277,0,2.2,0.0,2425+2526,2627
373,Mats Hummels,DF,understat,low-volume DF,0.195,0,2.0,0.0,2425,2627
391,David Alaba,DF,understat,low-volume DF,0.481,0,2.0,0.0,2526,2627
603,Nathaniel Clyne,DF,understat,low-volume DF,0.156,0,2.0,0.0,2425+2526,2627
652,Kieran Trippier,DF,understat,low-volume DF,0.609,0,2.0,0.0,2425+2526,2627
961,Jordan Amavi,DF,understat,low-volume DF,0.315,0,2.0,0.0,2425,2627
2403,Íñigo Lekue,DF,understat,low-volume DF,0.657,0,2.0,0.0,2425+2526,2627
2452,De Marcos,DF,understat,low-volume DF,0.346,0,2.0,0.0,2425,2627
2597,Dani Calvo,DF,understat,low-volume DF,0.658,0,2.0,0.0,2526,2627
3965,Arturo Calabresi,DF,understat,low-volume DF,0.263,0,2.0,0.0,2526,2627
4052,Ximo Navarro,DF,understat,low-volume DF,0.181,2,2.0,0.06,2627,2627
4490,Semi Ajayi,DF,understat,low-volume DF,0.308,2,2.0,0.93,2627,2627
5177,Caio Henrique,DF,understat,low-volume DF,0.338,0,2.0,0.0,2425+2526,2627
5358,Lukas Klostermann,DF,understat,low-volume DF,0.085,0,2.0,0.0,2425+2526,2627
6100,Felix Uduokhai,DF,understat,low-volume DF,0.439,2,2.0,0.13,2627,2627
6212,Mattia Bani,DF,understat,low-volume DF,0.621,0,2.0,0.0,2425,2627
7040,Patrick Erras,DF,understat,low-volume DF,0.539,0,2.0,0.0,2425,2627
7828,Jorge Sáenz,DF,understat,low-volume DF,0.579,0,2.0,0.0,2425,2627
7856,Aridane Hernández,DF,understat,low-volume DF,0.504,0,2.0,0.0,2425,2627
8687,Kiki Kouyate,DF,understat,low-volume DF,0.249,0,2.0,0.0,2425,2627
10041,Yasser Larouci,DF,understat,low-volume DF,0.097,2,2.0,0.09,2627,2627
11147,Lucas Rosa,DF,understat,low-volume DF,0.241,0,2.0,0.0,2425,2627
11167,Chadi Riad,DF,understat,low-volume DF,0.434,0,2.0,0.0,2526,2627
11990,Mateus Lusuardi,DF,understat,low-volume DF,0.015,0,2.0,0.0,2526,2627
12074,David López,DF,understat,low-volume DF,0.51,0,2.0,0.0,2526,2627
12382,Nathaniel Adjei,DF,understat,low-volume DF,0.474,0,2.0,0.0,2526,2627
12851,Emmanuel Biumla,DF,understat,low-volume DF,0.12,0,2.0,0.0,2425+2526,2627
12870,Buba Sangaré,DF,understat,low-volume DF,0.16,1,2.0,0.03,2526+2627,2627
12933,Marko Ivezic,DF,understat,low-volume DF,0.363,0,2.0,0.0,2425,2627
12969,Moïse Bombito,DF,understat,low-volume DF,0.237,0,2.0,0.0,2425,2627
13045,Eddy Kouadio,DF,understat,low-volume DF,0.504,2,2.0,0.7,2627,2627
13324,David Zec,DF,understat,low-volume DF,0.338,0,2.0,0.0,2425,2627
13374,Ángel Ortiz,DF,understat,low-volume DF,0.679,1,2.0,0.01,2425+2526+2627,2627
13788,Davinchi,DF,understat,low-volume DF,0.441,0,2.0,0.0,2526,2627
13804,Tuomas Ollila,DF,understat,low-volume DF,0.166,0,2.0,0.0,2526,2627
13817,Lucas Høgsberg,DF,understat,low-volume DF,0.485,0,2.0,0.0,2526,2627
13907,Joël Schmied,DF,understat,low-volume DF,0.043,0,2.0,0.0,2526,2627
13920,Daniel Elfadli,DF,understat,low-volume DF,0.086,0,2.0,0.0,2526,2627
14330,Keita Kosugi,DF,understat,low-volume DF,0.167,2,2.0,0.15,2627,2627
14389,Sebastián Boselli,DF,understat,low-volume DF,0.141,0,2.0,0.0,2526,2627
14416,Andrias Edmundsson,DF,understat,low-volume DF,0.149,0,2.0,0.0,2526,2627
14686,Álvaro Mantilla,DF,understat,low-volume DF,0.226,2,2.0,0.43,2627,2627
14854,Costinha,DF,fc26,low-volume DF,0.164,2,2.0,0.05,2627,2627
14903,Fedde Leysen,DF,understat,low-volume DF,0.553,2,2.0,0.08,2627,2627
14951,Fabio Gruber,DF,understat,low-volume DF,0.586,2,2.0,0.14,2627,2627
14954,Mattes Hansen,DF,understat,low-volume DF,0.191,2,2.0,0.03,2627,2627
15010,Calvin Brackelmann,DF,understat,low-volume DF,0.094,2,2.0,0.07,2627,2627
15056,Zakaria El Ouahdi,DF,understat,low-volume DF,0.377,2,2.0,0.13,2627,2627
370,Marvin Friedrich,DF,understat,low-volume DF,0.51,0,1.8,0.0,2425,2627
681,César Azpilicueta,DF,understat,low-volume DF,0.187,0,1.8,0.0,2425+2526,2627
825,Adam Smith,DF,understat,low-volume DF,0.559,1,1.8,0.02,2425+2627,2627
1441,Adam Masina,DF,understat,low-volume DF,0.344,0,1.8,0.0,2425,2627
5801,Christopher Operi,DF,understat,low-volume DF,0.44,0,1.8,0.0,2425,2627
9270,Kiliann Sildillia,DF,understat,low-volume DF,0.167,0,1.8,0.0,2425,2627
9519,Carlos Domínguez,DF,understat,low-volume DF,0.555,0,1.8,0.0,2425+2526,2627
9619,Issa Kabore,DF,understat,low-volume DF,0.142,0,1.8,0.0,2425,2627
9703,Maxim Leitsch,DF,understat,low-volume DF,0.44,0,1.8,0.0,2425+2526,2627
9902,Pasquale Mazzocchi,DF,understat,low-volume DF,0.313,0,1.8,0.0,2425+2526,2627
10024,Cristhian Mosquera,DF,understat,low-volume DF,0.485,0,1.8,0.0,2425+2526,2627
11279,Ali Dembélé,DF,understat,low-volume DF,0.561,0,1.8,0.0,2425+2526,2627
11784,Lucas Mincarelli Davin,DF,understat,low-volume DF,0.002,0,1.8,0.0,2425,2627
12151,Gabriel Osho,DF,understat,low-volume DF,0.405,0,1.8,0.0,2425,2627
12360,Julián Malatini,DF,understat,low-volume DF,0.176,0,1.8,0.0,2425+2526,2627
12626,Max Rosenfelder,DF,understat,low-volume DF,0.166,0,1.8,0.0,2425+2526,2627
12806,Dylan Batubinsika,DF,understat,low-volume DF,0.409,0,1.8,0.0,2425,2627
13215,Axel Tape,DF,understat,low-volume DF,0.486,0,1.8,0.0,2425+2526,2627
13331,Mathias Løvik,DF,understat,low-volume DF,0.467,0,1.8,0.0,2425+2526,2627
13354,Alberto Costa,DF,understat,low-volume DF,0.327,0,1.8,0.0,2425,2627
13401,Daniel Oyegoke,DF,understat,low-volume DF,0.771,0,1.8,0.0,2425+2526,2627
1096,Armando Izzo,DF,understat,low-volume DF,0.153,0,1.5,0.0,2425,2627
1461,Pol Lirola,DF,understat,low-volume DF,0.267,0,1.5,0.0,2425,2627
1574,Davide Calabria,DF,understat,low-volume DF,0.278,0,1.5,0.0,2425,2627
2053,Martin Erlic,DF,understat,low-volume DF,0.191,0,1.5,0.0,2425,2627
6177,Luiz Felipe,DF,understat,low-volume DF,0.459,0,1.5,0.0,2526,2627
6291,Diego Pampín,DF,understat,low-volume DF,0.342,0,1.5,0.0,2526,2627
7075,Borna Sosa,DF,understat,low-volume DF,0.274,0,1.5,0.0,2425+2526,2627
7412,Antonio Candela,DF,understat,low-volume DF,0.663,0,1.5,0.0,2425,2627
8744,Juan Cruz,DF,understat,low-volume DF,0.061,0,1.5,0.0,2425+2526,2627
9491,Warmed Omari,DF,understat,low-volume DF,0.24,0,1.5,0.0,2526,2627
9754,Brian Oliván,DF,understat,low-volume DF,0.417,0,1.5,0.0,2425,2627
11271,Nathan Zeze,DF,understat,low-volume DF,0.456,0,1.5,0.0,2425,2627
11742,Álex Suárez,DF,understat,low-volume DF,0.16,0,1.5,0.0,2425,2627
11975,Leonidas Stergiou,DF,understat,low-volume DF,0.082,0,1.5,0.0,2425+2526,2627
12124,Alessandro Vogliacco,DF,understat,low-volume DF,0.245,0,1.5,0.0,2425,2627
13478,Sebastian Otoa,DF,understat,low-volume DF,0.47,0,1.5,0.0,2526,2627
13479,Tobias Slotsager,DF,understat,low-volume DF,0.052,0,1.5,0.0,2526,2627
13726,Oliver Sonne,DF,understat,low-volume DF,0.036,0,1.5,0.0,2526,2627
13758,Seny Koumbassa,DF,understat,low-volume DF,0.124,0,1.5,0.0,2526,2627
13815,Morgan Bokele,DF,understat,low-volume DF,0.253,0,1.5,0.0,2526,2627
13825,Tylel Tati,DF,understat,low-volume DF,0.243,0,1.5,0.0,2526,2627
13841,Federico Redondo,DF,understat,low-volume DF,0.463,1,1.5,0.09,2526+2627,2627
13862,Adam Kölle,DF,fc26,low-volume DF,0.398,0,1.5,0.0,2526,2627
14223,Samba Konate,DF,shot-profile,low-volume DF,0.261,1,1.5,0.07,2526+2627,2627
14279,Kota Takai,DF,understat,low-volume DF,0.048,0,1.5,0.0,2526,2627
14350,Rosen Bozhinov,DF,understat,low-volume DF,0.176,0,1.5,0.0,2526,2627
14419,Jonas Adjetey,DF,understat,low-volume DF,0.135,0,1.5,0.0,2526,2627
14420,Luca Reggiani,DF,understat,low-volume DF,0.197,0,1.5,0.0,2526,2627
14446,Alysson Edward,DF,shot-profile,low-volume DF,0.071,1,1.5,0.25,2526+2627,2627
14455,Uchenna Ogundu,DF,shot-profile,low-volume DF,0.286,0,1.5,0.0,2526,2627
534,Aaron Cresswell,DF,understat,low-volume DF,0.421,0,1.2,0.0,2425,2627
804,Craig Dawson,DF,understat,low-volume DF,0.453,0,1.2,0.0,2425,2627
1120,Mattia De Sciglio,DF,understat,low-volume DF,0.2,0,1.2,0.0,2425,2627
3399,Youssouf Sabaly,DF,understat,low-volume DF,0.418,0,1.2,0.0,2425,2627
3521,Dennis Appiah,DF,understat,low-volume DF,0.604,0,1.2,0.0,2425,2627
5753,Mickael Nade,DF,understat,low-volume DF,0.282,0,1.2,0.0,2425,2627
5976,Yoann Salmier,DF,understat,low-volume DF,0.215,0,1.2,0.0,2425,2627
6042,Jan Bednarek,DF,understat,low-volume DF,0.288,0,1.2,0.0,2425,2627
6327,Kevin Akpoguma,DF,understat,low-volume DF,0.329,0,1.2,0.0,2425,2627
7699,Adam Webster,DF,understat,low-volume DF,0.407,0,1.2,0.0,2425,2627
7826,Joseph Aidoo,DF,understat,low-volume DF,0.456,0,1.2,0.0,2425+2526,2627
8562,Luke Thomas,DF,understat,low-volume DF,0.134,0,1.2,0.0,2425,2627
9659,Bradley Locko,DF,understat,low-volume DF,0.332,0,1.2,0.0,2425+2526,2627
9685,Mads Roerslev,DF,understat,low-volume DF,0.529,0,1.2,0.0,2425,2627
10003,David Nemeth,DF,understat,low-volume DF,0.031,0,1.2,0.0,2425,2627
10881,James Abankwah,DF,understat,low-volume DF,0.317,1,1.2,0.38,2425+2627,2627
11131,Christian Mawissa Elebi,DF,understat,low-volume DF,0.21,0,1.2,0.0,2425+2526,2627
12023,Thomas Keller,DF,understat,low-volume DF,0.498,0,1.2,0.0,2425+2526,2627
12407,Anrie Chase,DF,understat,low-volume DF,0.003,0,1.2,0.0,2425,2627
12914,Pau Navarro,DF,understat,low-volume DF,0.603,0,1.2,0.0,2425+2526,2627
13099,Rui Modesto,DF,understat,low-volume DF,0.284,0,1.2,0.0,2425+2526,2627
13384,Hiroki Sekine,DF,understat,low-volume DF,0.491,0,1.2,0.0,2425,2627
3,Luca Caldirola,DF,understat,low-volume DF,0.043,0,1.0,0.0,2425,2627
855,Cristian Gamboa,DF,understat,low-volume DF,0.477,0,1.0,0.0,2425,2627
1588,Raúl Albiol,DF,understat,low-volume DF,0.041,0,1.0,0.0,2425+2526,2627
1735,Jack Stephens,DF,understat,low-volume DF,0.229,0,1.0,0.0,2425,2627
1760,Arthur Masuaku,DF,understat,low-volume DF,0.137,0,1.0,0.0,2526,2627
2058,Filippo Romagna,DF,understat,low-volume DF,0.004,0,1.0,0.0,2526,2627
3720,Milan Gajic,DF,understat,low-volume DF,0.516,1,1.0,0.02,2627,2627
5947,Mihailo Ristic,DF,understat,low-volume DF,0.25,0,1.0,0.0,2425+2526,2627
6740,Miguel Ángel Rubio,DF,understat,low-volume DF,0.39,0,1.0,0.0,2526,2627
6773,Samuel Gigot,DF,understat,low-volume DF,0.301,0,1.0,0.0,2425,2627
7186,Juan Berrocal,DF,understat,low-volume DF,0.376,0,1.0,0.0,2425,2627
7277,Ryan John Giles,DF,understat,low-volume DF,0.232,1,1.0,0.03,2627,2627
7333,Caleb Okoli,DF,understat,low-volume DF,0.293,0,1.0,0.0,2425,2627
7366,Maximilian Wöber,DF,understat,low-volume DF,0.2,1,1.0,0.59,2627,2627
7703,John Egan,DF,understat,low-volume DF,0.356,1,1.0,0.02,2627,2627
7911,Aleksa Terzic,DF,fc26,low-volume DF,0.237,1,1.0,0.01,2627,2627
8049,Jean-Kevin Duverne,DF,understat,low-volume DF,0.174,0,1.0,0.0,2425,2627
8803,Robert Gumny,DF,understat,low-volume DF,0.189,0,1.0,0.0,2425,2627
9381,Saba Sazonov,DF,understat,low-volume DF,0.214,1,1.0,0.04,2627,2627
9499,Cody Drameh,DF,fc26,low-volume DF,0.509,1,1.0,0.04,2627,2627
9569,Viktor Melekhin,DF,understat,low-volume DF,0.352,1,1.0,0.03,2627,2627
9887,Michael Svoboda,DF,understat,low-volume DF,0.095,0,1.0,0.0,2425,2627
9955,Lasse Günther,DF,understat,low-volume DF,0.149,1,1.0,0.27,2627,2627
10013,Redouane Halal,DF,understat,low-volume DF,0.372,1,1.0,0.06,2627,2627
10268,Giorgio Cittadini,DF,understat,low-volume DF,0.364,1,1.0,0.04,2627,2627
10616,Samuel Iling-Junior,DF,understat,low-volume DF,0.523,0,1.0,0.0,2425,2627
10854,Souleymane Isaak Touré,DF,understat,low-volume DF,0.334,0,1.0,0.0,2425,2627
10875,Omar El Hilali,DF,understat,low-volume DF,0.35,0,1.0,0.0,2425+2526,2627
11359,James Bree,DF,understat,low-volume DF,0.521,0,1.0,0.0,2425,2627
11749,Siebe Van der Heyden,DF,understat,low-volume DF,0.363,0,1.0,0.0,2425,2627
12061,Ahmed Touba,DF,understat,low-volume DF,0.014,1,1.0,0.04,2627,2627
12070,Jordy Makengo,DF,understat,low-volume DF,0.23,1,1.0,0.04,2627,2627
12275,Willy Kambwala,DF,understat,low-volume DF,0.259,0,1.0,0.0,2425,2627
12391,Tom Pouilly,DF,understat,low-volume DF,0.409,0,1.0,0.0,2425,2627
12472,Iñigo Arguibide,DF,understat,low-volume DF,0.388,1,1.0,0.03,2627,2627
12476,Oumar Sako,DF,understat,low-volume DF,0.372,1,1.0,0.05,2627,2627
12509,Daiki Hashioka,DF,understat,low-volume DF,0.1,1,1.0,0.09,2627,2627
12718,Adrián Pica,DF,understat,low-volume DF,0.3,0,1.0,0.0,2425,2627
12775,Kosta Nedeljkovic,DF,understat,low-volume DF,0.203,0,1.0,0.0,2425,2627
13198,Ramón Martínez,DF,understat,low-volume DF,0.022,0,1.0,0.0,2425,2627
13298,Max Alleyne,DF,understat,low-volume DF,0.439,0,1.0,0.0,2526,2627
13388,Justin Bourgault,DF,understat,low-volume DF,0.329,0,1.0,0.0,2425+2526,2627
13455,José Ángel López,DF,understat,low-volume DF,0.492,1,1.0,0.02,2627,2627
13526,Souleymane Sagnan,DF,understat,low-volume DF,0.347,1,1.0,0.05,2627,2627
13527,Genesis Antwi,DF,understat,low-volume DF,0.516,1,1.0,0.02,2627,2627
13533,Roger Hinojo,DF,understat,low-volume DF,0.276,1,1.0,0.05,2627,2627
13543,Valde,DF,understat,low-volume DF,0.091,1,1.0,0.07,2627,2627
13596,Telli Siwe,DF,understat,low-volume DF,0.361,0,1.0,0.0,2526,2627
13634,Jan Bürger,DF,understat,low-volume DF,0.517,0,1.0,0.0,2526,2627
13714,Jenson Seelt,DF,understat,low-volume DF,0.395,0,1.0,0.0,2526,2627
13738,Ruben Kluivert,DF,understat,low-volume DF,0.349,0,1.0,0.0,2526,2627
13754,Hamza Koutoune,DF,fc26,low-volume DF,0.289,1,1.0,0.02,2627,2627
13772,Nacho Pérez,DF,understat,low-volume DF,0.31,1,1.0,0.4,2627,2627
13786,Kirill Danilov,DF,understat,low-volume DF,0.258,1,1.0,0.01,2627,2627
13787,Manuel Fernández,DF,understat,low-volume DF,0.32,0,1.0,0.0,2526,2627
13808,Michel Mboula,DF,understat,low-volume DF,0.147,0,1.0,0.0,2526,2627
13876,Corrie Ndaba,DF,understat,low-volume DF,0.067,0,1.0,0.0,2526,2627
13901,Francesco Folino,DF,understat,low-volume DF,0.416,0,1.0,0.0,2526,2627
14039,Jan Ziólkowski,DF,understat,low-volume DF,0.379,0,1.0,0.0,2526,2627
14085,Cas Odenthal,DF,understat,low-volume DF,0.158,1,1.0,0.52,2627,2627
14125,Francesco Coppola,DF,understat,low-volume DF,0.145,0,1.0,0.0,2526,2627
14211,Yvan Maye,DF,shot-profile,low-volume DF,0.351,1,1.0,0.01,2627,2627
14225,Javier Boñar,DF,understat,low-volume DF,0.027,0,1.0,0.0,2526,2627
14233,Dani Martinez,DF,understat,low-volume DF,0.151,1,1.0,0.47,2627,2627
14497,Imran Firov,DF,shot-profile,low-volume DF,0.2,1,1.0,0.01,2627,2627
14511,Ange Lago,DF,shot-profile,low-volume DF,0.062,0,1.0,0.0,2526,2627
14687,Jorge Salinas,DF,understat,low-volume DF,0.4,1,1.0,0.12,2627,2627
14707,Bright Ede,DF,understat,low-volume DF,0.137,1,1.0,0.03,2627,2627
14725,Carlos Puga,DF,understat,low-volume DF,0.269,1,1.0,0.01,2627,2627
14728,Rafita,DF,understat,low-volume DF,0.237,1,1.0,0.04,2627,2627
14743,Jay Dasilva,DF,understat,low-volume DF,0.24,1,1.0,0.1,2627,2627
14756,Jeyland Mitchell,DF,understat,low-volume DF,0.415,1,1.0,0.36,2627,2627
14759,Lewie Coyle,DF,understat,low-volume DF,0.093,1,1.0,0.08,2627,2627
14775,Ousmane Diomande,DF,understat,low-volume DF,0.232,1,1.0,0.04,2627,2627
14779,Maik Nawrocki,DF,understat,low-volume DF,0.279,1,1.0,0.04,2627,2627
14782,Michal Skóras,DF,understat,low-volume DF,0.402,1,1.0,0.02,2627,2627
14788,Jannik Schuster,DF,understat,low-volume DF,0.395,1,1.0,0.11,2627,2627
14791,Adam Bakoune,DF,understat,low-volume DF,0.218,1,1.0,0.05,2627,2627
14810,Raphael Kofler,DF,fc26,low-volume DF,0.234,1,1.0,0.05,2627,2627
14827,Yvann Titi,DF,understat,low-volume DF,0.497,1,1.0,0.01,2627,2627
14829,Anis Ouzenadji,DF,understat,low-volume DF,0.313,1,1.0,0.02,2627,2627
14835,Yacouba Koné,DF,shot-profile,low-volume DF,0.207,1,1.0,0.03,2627,2627
14840,Ismaïl Diallo,DF,understat,low-volume DF,0.517,1,1.0,0.02,2627,2627
14861,Joseph Kalulu,DF,understat,low-volume DF,0.29,1,1.0,0.02,2627,2627
14869,Flávio Nazinho,DF,understat,low-volume DF,0.286,1,1.0,0.45,2627,2627
14916,Unai Santos,DF,understat,low-volume DF,0.381,1,1.0,0.07,2627,2627
14940,Jan Gyamerah,DF,understat,low-volume DF,0.387,1,1.0,0.24,2627,2627
14941,Maximilian Rohr,DF,understat,low-volume DF,0.364,1,1.0,0.04,2627,2627
14955,Jano ter Horst,DF,understat,low-volume DF,0.257,1,1.0,0.02,2627,2627
14956,Tjark Scheller,DF,understat,low-volume DF,0.361,1,1.0,0.03,2627,2627
14962,Clemens Lippmann,DF,fc26,low-volume DF,0.592,1,1.0,0.02,2627,2627
15008,Harold Voyer,DF,understat,low-volume DF,0.236,1,1.0,0.02,2627,2627
15060,Jay Enem,DF,shot-profile,low-volume DF,0.208,1,1.0,0.03,2627,2627
15064,Sebastián Cáceres,DF,understat,low-volume DF,0.367,1,1.0,0.01,2627,2627
15066,Roy Revivo,DF,understat,low-volume DF,0.059,1,1.0,0.39,2627,2627
111,Jannik Vestergaard,DF,understat,low-volume DF,0.123,0,0.8,0.0,2425,2627
616,Jesús Navas,DF,understat,low-volume DF,0.297,0,0.8,0.0,2425,2627
1223,Milan Skriniar,DF,understat,low-volume DF,0.177,0,0.8,0.0,2425,2627
1484,Rafael Toloi,DF,understat,low-volume DF,0.23,0,0.8,0.0,2425,2627
3670,Nicolas Pallois,DF,understat,low-volume DF,0.113,0,0.8,0.0,2425,2627
4968,Giorgio Altare,DF,understat,low-volume DF,0.007,0,0.8,0.0,2425,2627
5732,Abdoulaye Bamba,DF,understat,low-volume DF,0.064,0,0.8,0.0,2425+2526,2627
8489,Jorge Cuenca,DF,understat,low-volume DF,0.288,0,0.8,0.0,2425+2526,2627
8569,Botond Balogh,DF,understat,low-volume DF,0.313,0,0.8,0.0,2425,2627
8663,Flavius Daniliuc,DF,understat,low-volume DF,0.127,0,0.8,0.0,2425,2627
9019,Lucas Martínez Quarta,DF,understat,low-volume DF,0.086,0,0.8,0.0,2425,2627
10012,Jakub Kiwior,DF,understat,low-volume DF,0.187,0,0.8,0.0,2425,2627
10292,Nathan Patterson,DF,understat,low-volume DF,0.209,0,0.8,0.0,2425+2526,2627
10888,David Torres,DF,understat,low-volume DF,0.283,0,0.8,0.0,2425,2627
11699,Ameen Al Dakhil,DF,understat,low-volume DF,0.126,0,0.8,0.0,2425+2526,2627
12139,Yarek Gasiorowski,DF,understat,low-volume DF,0.339,0,0.8,0.0,2425,2627
12310,Stefan Lekovic,DF,understat,low-volume DF,0.031,0,0.8,0.0,2425,2627
12559,Harry Amass,DF,understat,low-volume DF,0.264,0,0.8,0.0,2425,2627
12737,Viti Rozada,DF,understat,low-volume DF,0.365,0,0.8,0.0,2425,2627
12836,Stefan Dzodic,DF,understat,low-volume DF,0.242,0,0.8,0.0,2425,2627
12873,Marin Sverko,DF,understat,low-volume DF,0.009,0,0.8,0.0,2425,2627
12932,Marco Komenda,DF,understat,low-volume DF,0.225,0,0.8,0.0,2425,2627
13271,Adrián Arnu,DF,shot-profile,low-volume DF,0.175,0,0.8,0.0,2425,2627
451,Matija Nastasic,DF,understat,low-volume DF,0.206,0,0.5,0.0,2425,2627
766,Jamaal Lascelles,DF,understat,low-volume DF,0.129,0,0.5,0.0,2526,2627
807,Jonny Evans,DF,understat,low-volume DF,0.198,0,0.5,0.0,2425,2627
1301,Daniele Rugani,DF,understat,low-volume DF,0.248,0,0.5,0.0,2526,2627
1320,Federico Barba,DF,understat,low-volume DF,0.165,0,0.5,0.0,2425,2627
1375,Elseid Hysaj,DF,understat,low-volume DF,0.142,0,0.5,0.0,2425,2627
2063,Timothée Kolodziejczak,DF,understat,low-volume DF,0.198,0,0.5,0.0,2526,2627
2282,Sergi Gómez,DF,understat,low-volume DF,0.122,0,0.5,0.0,2425,2627
2418,Álvaro Odriozola,DF,understat,low-volume DF,0.147,0,0.5,0.0,2526,2627
2691,Milos Veljkovic,DF,understat,low-volume DF,0.252,0,0.5,0.0,2425,2627
3303,Ricardo Pereira,DF,understat,low-volume DF,0.09,0,0.5,0.0,2425,2627
3339,Jérôme Roussillon,DF,understat,low-volume DF,0.314,0,0.5,0.0,2425,2627
4733,José Luis Palomino,DF,understat,low-volume DF,0.083,0,0.5,0.0,2425,2627
5624,Yunis Abdelhamid,DF,understat,low-volume DF,0.228,0,0.5,0.0,2425,2627
6121,Juanpe,DF,understat,low-volume DF,0.046,0,0.5,0.0,2425,2627
6737,Maxime Bernauer,DF,understat,low-volume DF,0.038,0,0.5,0.0,2425,2627
6851,Conor Coady,DF,understat,low-volume DF,0.176,0,0.5,0.0,2425,2627
7187,Sergio Reguilón,DF,understat,low-volume DF,0.196,0,0.5,0.0,2425,2627
8089,Kieran Tierney,DF,understat,low-volume DF,0.251,0,0.5,0.0,2425,2627
8537,Dennis Cirkin,DF,understat,low-volume DF,0.082,0,0.5,0.0,2526,2627
8632,Enzo Ebosse,DF,understat,low-volume DF,0.202,0,0.5,0.0,2526,2627
8902,José Salinas,DF,understat,low-volume DF,0.044,0,0.5,0.0,2526,2627
9134,Alessandro Di Pardo,DF,understat,low-volume DF,0.127,0,0.5,0.0,2526,2627
9731,Guilherme Ramos,DF,fc26,low-volume DF,0.234,0,0.5,0.0,2526,2627
9776,Taichi Hara,DF,shot-profile,low-volume DF,0.171,0,0.5,0.0,2526,2627
10756,Joe Worrall,DF,understat,low-volume DF,0.132,0,0.5,0.0,2526,2627
11536,David Odogu,DF,understat,low-volume DF,0.211,0,0.5,0.0,2425,2627
12341,Lautaro Giannetti,DF,understat,low-volume DF,0.047,0,0.5,0.0,2425,2627
12469,Tim Drexler,DF,understat,low-volume DF,0.181,0,0.5,0.0,2425,2627
12642,Yoel Lago,DF,understat,low-volume DF,0.202,0,0.5,0.0,2526,2627
12763,Nathan Wood,DF,understat,low-volume DF,0.204,0,0.5,0.0,2425,2627
12807,Marwann N&#039;Zuzi,DF,understat,low-volume DF,0.299,0,0.5,0.0,2425,2627
12834,Théo Chennahi,DF,understat,low-volume DF,0.22,0,0.5,0.0,2425,2627
12864,Pelayo Fernández,DF,understat,low-volume DF,0.202,0,0.5,0.0,2526,2627
13024,Serigne Diop,DF,shot-profile,low-volume DF,0.134,0,0.5,0.0,2526,2627
13031,Giovanni Leoni,DF,understat,low-volume DF,0.234,0,0.5,0.0,2425,2627
13033,Ümit Akdag,DF,understat,low-volume DF,0.093,0,0.5,0.0,2425,2627
13040,Henri Koudossou,DF,understat,low-volume DF,0.269,0,0.5,0.0,2425,2627
13056,Almugera Kabar,DF,understat,low-volume DF,0.113,0,0.5,0.0,2526,2627
13113,David Jiménez,DF,understat,low-volume DF,0.326,0,0.5,0.0,2526,2627
13137,Sékou Doucouré,DF,understat,low-volume DF,0.191,0,0.5,0.0,2526,2627
13334,Ismael Bekhoucha,DF,understat,low-volume DF,0.086,0,0.5,0.0,2526,2627
13432,Nidal Celik,DF,understat,low-volume DF,0.217,0,0.5,0.0,2526,2627
13450,Anass Salah-Eddine,DF,understat,low-volume DF,0.064,0,0.5,0.0,2425,2627
13460,Aaron Anselmino,DF,understat,low-volume DF,0.201,0,0.5,0.0,2526,2627
13548,Stephan Zagadou,DF,understat,low-volume DF,0.213,0,0.5,0.0,2526,2627
13694,Jozhua Vertrouwd,DF,understat,low-volume DF,0.209,0,0.5,0.0,2526,2627
13697,Oier Luengo,DF,understat,low-volume DF,0.005,0,0.5,0.0,2526,2627
13777,Rio Cardines,DF,understat,low-volume DF,0.344,0,0.5,0.0,2526,2627
13863,Yannik Wagner,DF,shot-profile,low-volume DF,0.086,0,0.5,0.0,2526,2627
13913,Rav van den Berg,DF,understat,low-volume DF,0.214,0,0.5,0.0,2526,2627
14027,Veljko Milosavljevic,DF,understat,low-volume DF,0.26,0,0.5,0.0,2526,2627
14200,Tommaso Macchioni,DF,understat,low-volume DF,0.107,0,0.5,0.0,2526,2627
14208,Gorka Carrera,DF,shot-profile,low-volume DF,0.221,0,0.5,0.0,2526,2627
14323,Julio Díaz,DF,understat,low-volume DF,0.177,0,0.5,0.0,2526,2627
14386,Juan Arizala,DF,understat,low-volume DF,0.165,0,0.5,0.0,2526,2627
14518,Renzo Saravia,DF,understat,low-volume DF,0.337,0,0.5,0.0,2526,2627
14576,Ugo El Kadmiri,DF,shot-profile,low-volume DF,0.218,0,0.5,0.0,2526,2627
14577,Nouhoum Kamissoko,DF,shot-profile,low-volume DF,0.203,0,0.5,0.0,2526,2627
14613,Luis Orejuela,DF,understat,low-volume DF,0.199,0,0.5,0.0,2526,2627
133,Kevin Vogt,DF,understat,low-volume DF,0.043,0,0.2,0.0,2425,2627
585,Seamus Coleman,DF,understat,low-volume DF,0.065,0,0.2,0.0,2425,2627
689,Kenedy,DF,shot-profile,low-volume DF,0.112,0,0.2,0.0,2425,2627
1377,Nikola Maksimovic,DF,understat,low-volume DF,0.072,0,0.2,0.0,2425,2627
1545,Emil Krafth,DF,understat,low-volume DF,0.018,0,0.2,0.0,2425,2627
2244,Danilo,DF,understat,low-volume DF,0.095,0,0.2,0.0,2425,2627
6501,Andy Pelmard,DF,understat,low-volume DF,0.118,0,0.2,0.0,2425,2627
6850,Willy Boly,DF,understat,low-volume DF,0.098,0,0.2,0.0,2425,2627
7613,Moussa Diarra,DF,understat,low-volume DF,0.107,0,0.2,0.0,2425,2627
7835,Aritz Arambarri,DF,understat,low-volume DF,0.092,0,0.2,0.0,2425,2627
7845,Aleksander Sedlar,DF,understat,low-volume DF,0.089,0,0.2,0.0,2425,2627
7931,Takehiro Tomiyasu,DF,understat,low-volume DF,0.083,0,0.2,0.0,2425,2627
7943,Igor Julio,DF,understat,low-volume DF,0.009,0,0.2,0.0,2425,2627
8012,Yordan Osorio,DF,understat,low-volume DF,0.118,0,0.2,0.0,2425,2627
8905,Conor Townsend,DF,understat,low-volume DF,0.114,0,0.2,0.0,2425,2627
9716,Maximilian Bauer,DF,understat,low-volume DF,0.006,0,0.2,0.0,2425,2627
9897,Gonzalo Montiel,DF,understat,low-volume DF,0.11,0,0.2,0.0,2425,2627
10758,Harry Toffolo,DF,understat,low-volume DF,0.107,0,0.2,0.0,2425,2627
10781,Mateusz Wieteska,DF,understat,low-volume DF,0.136,0,0.2,0.0,2425,2627
12402,Yoram Zague,DF,understat,low-volume DF,0.201,0,0.2,0.0,2425,2627
12746,Luke Woolfenden,DF,understat,low-volume DF,0.095,0,0.2,0.0,2425,2627
12817,Rodrigo Abajas,DF,understat,low-volume DF,0.203,0,0.2,0.0,2425,2627
12833,Yaël Nandjou,DF,understat,low-volume DF,0.087,0,0.2,0.0,2425,2627
12996,Alessio Iovine,DF,understat,low-volume DF,0.169,0,0.2,0.0,2425,2627
13014,Carl Johansson,DF,understat,low-volume DF,0.089,0,0.2,0.0,2425,2627
13027,Gaby Jean,DF,understat,low-volume DF,0.055,0,0.2,0.0,2425,2627
13095,Tomás Palacios,DF,understat,low-volume DF,0.243,0,0.2,0.0,2425,2627
13133,Harry Clarke,DF,understat,low-volume DF,0.109,0,0.2,0.0,2425,2627
13174,Yael Mouanga,DF,understat,low-volume DF,0.148,0,0.2,0.0,2425,2627
13476,Shumaira Mheuka,DF,shot-profile,low-volume DF,0.09,0,0.2,0.0,2425,2627
5073,Florian Lejeune,DF,understat,right-side defender,0.023,10,49.5,0.27,2425+2526+2627,2627
6912,Pedro Porro,DF,understat,right-side defender,0.072,6,31.8,0.23,2425+2526+2627,2627
6708,Bote Baku,DF,understat,right-side defender,0.265,5,28.8,0.98,2425+2526+2627,2627
5197,Achraf Hakimi,DF,understat,right-side defender,0.258,7,28.5,0.33,2425+2526+2627,2627
10319,Adrián De la Fuente,DF,understat,right-side defender,0.286,7,26.5,0.68,2526+2627,2627
12408,Daniel Muñoz,DF,understat,right-side defender,0.3,4,26.2,0.55,2425+2526+2627,2627
10364,Nahuel Tenaglia,DF,understat,right-side defender,0.085,6,24.8,0.55,2425+2526+2627,2627
7281,Diogo Dalot,DF,understat,right-side defender,0.239,6,24.0,0.26,2425+2526+2627,2627
1621,Marcos Alonso,DF,understat,right-side defender,0.282,3,23.5,0.23,2425+2526+2627,2627
5680,Thomas Meunier,DF,understat,right-side defender,0.335,7,23.5,0.56,2425+2526+2627,2627
8129,Riccardo Calafiori,DF,understat,right-side defender,0.111,5,23.5,0.78,2425+2526+2627,2627
7753,James Justin,DF,understat,right-side defender,0.558,3,21.2,0.12,2425+2526+2627,2627
6618,Oumar Solet,DF,understat,right-side defender,0.142,0,19.5,0.0,2425+2526,2627
8864,Matthew Cash,DF,understat,right-side defender,0.268,1,19.2,0.08,2425+2526+2627,2627
9999,Arthur Theate,DF,understat,right-side defender,0.249,2,19.0,0.09,2425+2526+2627,2627
5659,Nordi Mukiele,DF,understat,right-side defender,0.404,4,18.8,1.08,2425+2526+2627,2627
76,Fabian Schär,DF,understat,right-side defender,0.516,0,18.5,0.0,2425+2526,2627
12761,Yukinari Sugawara,DF,understat,right-side defender,0.26,0,18.5,0.0,2425+2526,2627
10891,Carlos Augusto,DF,understat,right-side defender,0.073,2,18.0,0.13,2425+2526+2627,2627
12182,Jon Aramburu,DF,understat,right-side defender,0.513,4,17.2,0.06,2425+2526+2627,2627
2453,Marc Bartra,DF,understat,right-side defender,0.239,4,16.5,0.13,2425+2526+2627,2627
7134,Marc Cucurella,DF,understat,right-side defender,0.171,0,16.0,0.0,2425+2526,2627
8965,Vladimir Coufal,DF,understat,right-side defender,0.087,1,15.8,0.05,2425+2526+2627,2627
13908,Sebastian Sebulonsen,DF,understat,right-side defender,0.318,0,15.5,0.0,2526,2627
5263,Lukas Kübler,DF,understat,right-side defender,0.086,1,15.0,0.04,2425+2526+2627,2627
9809,José Ángel Carmona,DF,understat,right-side defender,0.252,0,14.8,0.0,2425+2526,2627
5973,Kenny Tete,DF,understat,right-side defender,0.616,0,14.2,0.0,2425+2526,2627
106,Waldemar Anton,DF,understat,right-side defender,0.122,1,13.8,0.03,2425+2526+2627,2627
9514,Antoine Mendy,DF,understat,right-side defender,0.164,3,13.8,0.12,2425+2526+2627,2627
6176,Adam Marusic,DF,understat,right-side defender,0.401,0,13.5,0.0,2425+2526,2627
8819,Mergim Vojvoda,DF,understat,right-side defender,0.342,2,13.2,0.07,2425+2526+2627,2627
12758,Mats Wieffer,DF,understat,right-side defender,0.488,2,13.2,0.12,2425+2526+2627,2627
13003,Santiago Mouriño,DF,understat,right-side defender,0.581,2,13.2,0.27,2425+2526+2627,2627
5648,Malang Sarr,DF,understat,right-side defender,0.048,0,13.0,0.0,2425+2526,2627
11756,Tiago Santos,DF,understat,right-side defender,0.411,6,12.5,0.56,2425+2526+2627,2627
269,Dominik Kohr,DF,understat,right-side defender,0.382,1,12.2,0.02,2425+2526+2627,2627
7940,Denis Vavro,DF,understat,right-side defender,0.441,0,12.2,0.0,2425+2526,2627
10956,Emil Holm,DF,understat,right-side defender,0.55,3,12.0,0.16,2425+2526+2627,2627
6433,Jules Koundé,DF,understat,right-side defender,0.235,0,11.5,0.0,2425+2526,2627
7838,Martin Valjent,DF,understat,right-side defender,0.687,0,11.5,0.0,2425+2526,2627
9929,Théo Le Bris,DF,understat,right-side defender,0.522,3,11.5,0.21,2526+2627,2627
11798,Koffi Kouao,DF,understat,right-side defender,0.563,0,11.5,0.0,2526,2627
8961,Rúben Dias,DF,understat,right-side defender,0.111,1,11.2,0.08,2425+2526+2627,2627
8963,Nahuel Molina,DF,understat,right-side defender,0.1,2,11.2,0.11,2425+2526+2627,2627
11281,Michael Kayode,DF,understat,right-side defender,0.277,6,11.2,0.86,2425+2526+2627,2627
11728,Calvin Bassey,DF,understat,right-side defender,0.187,2,11.0,0.09,2425+2526+2627,2627
13782,Nathan Ngoy,DF,understat,right-side defender,0.071,0,11.0,0.0,2526,2627
10856,Emmanuel Agbadou,DF,understat,right-side defender,0.318,0,10.5,0.0,2425+2526,2627
13973,Albian Hajdari,DF,understat,right-side defender,0.238,1,10.5,0.01,2526+2627,2627
6149,Unai Núñez,DF,understat,right-side defender,0.324,2,10.2,0.06,2425+2526+2627,2627
6368,Mathías Olivera,DF,understat,right-side defender,0.147,2,10.0,0.15,2425+2526+2627,2627
10892,Samuele Birindelli,DF,understat,right-side defender,0.087,6,9.8,0.24,2425+2627,2627
12723,Alejandro Francés,DF,understat,right-side defender,0.613,0,9.5,0.0,2425+2526,2627
13896,Zachary Athekame,DF,understat,right-side defender,0.32,3,9.5,0.12,2526+2627,2627
9677,Kristoffer Ajer,DF,understat,right-side defender,0.041,2,9.2,0.13,2425+2526+2627,2627
5975,Kenny Lala,DF,understat,right-side defender,0.336,2,9.0,0.05,2425+2526+2627,2627
8919,Leif Davis,DF,understat,right-side defender,0.082,5,9.0,1.24,2425+2627,2627
8313,Pierre Kalulu Kyatengwa,DF,understat,right-side defender,0.409,1,8.8,0.08,2425+2526+2627,2627
10243,Jacques Ekomie,DF,understat,right-side defender,0.112,2,8.8,0.05,2425+2526+2627,2627
10271,Vanderson,DF,understat,right-side defender,0.624,2,8.8,0.08,2425+2526+2627,2627
5162,Nacho Vidal,DF,understat,right-side defender,0.39,0,8.5,0.0,2526,2627
10189,Marc Pubill,DF,understat,right-side defender,0.288,3,8.5,0.15,2526+2627,2627
10864,Marcos Senesi,DF,understat,right-side defender,0.135,0,8.5,0.0,2425+2526,2627
13793,Lamine Sy,DF,understat,right-side defender,0.373,2,8.5,0.67,2526+2627,2627
5756,Carlens Arcus,DF,understat,right-side defender,0.481,3,8.2,0.2,2425+2526+2627,2627
7345,Alphonso Davies,DF,understat,right-side defender,0.055,2,8.2,0.11,2425+2526+2627,2627
8857,Gabriele Zappa,DF,understat,right-side defender,0.652,0,8.2,0.0,2425+2526,2627
12159,Mahamadou Nagida,DF,understat,right-side defender,0.336,0,8.0,0.0,2425+2526,2627
5344,Hauke Wahl,DF,understat,right-side defender,0.104,0,7.8,0.0,2425+2526,2627
12111,Amir Murillo,DF,understat,right-side defender,0.611,0,7.8,0.0,2425+2526,2627
12171,Hector Fort,DF,understat,right-side defender,0.174,0,7.5,0.0,2425+2526,2627
12643,Javier Rueda,DF,understat,right-side defender,0.591,2,7.5,0.05,2526+2627,2627
2665,Jeffrey Gouweleeuw,DF,understat,right-side defender,0.527,0,7.0,0.0,2425+2526,2627
13921,Giorgi Gocholeishvili,DF,understat,right-side defender,0.637,0,7.0,0.0,2526,2627
14770,Anan Khalaili,DF,understat,right-side defender,0.444,7,7.0,0.91,2627,2627
492,Héctor Bellerín,DF,understat,right-side defender,0.442,3,6.8,0.41,2425+2526+2627,2627
3785,Kelvin Adou,DF,understat,right-side defender,0.717,0,6.8,0.0,2425+2526,2627
10696,Noussair Mazraoui,DF,understat,right-side defender,0.334,1,6.8,0.09,2425+2526+2627,2627
13091,Jaydee Canvot,DF,understat,right-side defender,0.254,1,6.8,0.02,2425+2526+2627,2627
13149,Noahkai Banks,DF,understat,right-side defender,0.119,2,6.8,0.67,2425+2526+2627,2627
2280,Jonny,DF,understat,right-side defender,0.256,2,6.5,0.07,2526+2627,2627
5245,Bernardo,DF,understat,right-side defender,0.024,0,6.5,0.0,2425+2526,2627
9561,Nicolò Bertola,DF,understat,right-side defender,0.217,0,6.5,0.0,2526,2627
12824,Clément Akpa,DF,understat,right-side defender,0.481,2,6.5,0.38,2425+2526+2627,2627
1003,Pablo Maffeo,DF,understat,right-side defender,0.47,1,6.2,0.02,2425+2526+2627,2627
2276,Lucas Hernández,DF,understat,right-side defender,0.127,0,6.2,0.0,2425+2526,2627
3253,Frederic Guilbert,DF,understat,right-side defender,0.467,0,6.2,0.0,2425+2526,2627
2353,Pedro Bigas,DF,understat,right-side defender,0.053,1,6.0,0.02,2526+2627,2627
2509,Dimitri Foulquier,DF,understat,right-side defender,0.397,0,6.0,0.0,2425+2526,2627
7206,Jonathan Gradit,DF,understat,right-side defender,0.028,1,6.0,0.05,2425+2526+2627,2627
9458,Josip Stanisic,DF,understat,right-side defender,0.05,2,6.0,0.29,2425+2526+2627,2627
11879,Anthony Oyono,DF,understat,right-side defender,0.288,6,6.0,0.22,2627,2627
14244,Simone Cinquegrano,DF,understat,right-side defender,0.49,6,6.0,0.46,2627,2627
14387,Zaid Romero,DF,understat,right-side defender,0.103,1,6.0,0.14,2526+2627,2627
14828,Adrien Monfray,DF,understat,right-side defender,0.509,6,6.0,0.62,2627,2627
2253,Lucas Vázquez,DF,understat,right-side defender,0.525,0,5.8,0.0,2425+2526,2627
7298,Ben White,DF,understat,right-side defender,0.791,1,5.8,0.13,2425+2526+2627,2627
10740,Jordan Zemura,DF,understat,right-side defender,0.293,0,5.8,0.0,2425+2526,2627
11000,Matheus Nunes,DF,understat,right-side defender,0.525,0,5.8,0.0,2425+2526,2627
4941,Hans Hateboer,DF,understat,right-side defender,0.495,0,5.5,0.0,2425+2526,2627
8852,Konstantinos Tsimikas,DF,understat,right-side defender,0.071,1,5.5,0.04,2425+2526+2627,2627
10120,Conor Bradley,DF,understat,right-side defender,0.614,0,5.5,0.0,2425+2526,2627
10576,Álvaro Fernández,DF,understat,right-side defender,0.206,1,5.5,0.47,2526+2627,2627
9715,Hiroki Ito,DF,understat,right-side defender,0.109,0,5.2,0.0,2425+2526,2627
11868,Arthur,DF,understat,right-side defender,0.565,0,5.2,0.0,2425+2526,2627
13053,Saud Abdulhamid,DF,understat,right-side defender,0.098,1,5.2,0.61,2425+2526+2627,2627
548,Daley Blind,DF,understat,right-side defender,0.11,0,5.0,0.0,2425+2526,2627
703,Fikayo Tomori,DF,understat,right-side defender,0.463,0,5.0,0.0,2425+2526,2627
5347,Jonas Föhrenbach,DF,understat,right-side defender,0.104,0,5.0,0.0,2425+2526,2627
8030,Sebastian Walukiewicz,DF,understat,right-side defender,0.599,0,5.0,0.0,2425+2526,2627
9714,Odilon Kossounou,DF,understat,right-side defender,0.402,1,5.0,0.04,2425+2526+2627,2627
10844,Darline Yongwa,DF,understat,right-side defender,0.28,0,5.0,0.0,2526,2627
11763,Abduqodir Khusanov,DF,understat,right-side defender,0.188,0,5.0,0.0,2425+2526,2627
12609,Niccolò Fortini,DF,understat,right-side defender,0.508,1,5.0,0.05,2526+2627,2627
14018,Lucas Ahijado,DF,understat,right-side defender,0.291,0,5.0,0.0,2526,2627
14083,Enzo Koffi,DF,understat,right-side defender,0.179,3,5.0,0.14,2526+2627,2627
14888,Gabriele Bracaglia,DF,understat,right-side defender,0.099,5,5.0,0.42,2627,2627
10725,Danilho Doekhi,DF,understat,set-piece header,0.545,3,33.2,0.97,2425+2526+2627,2627
5745,Matthieu Udol,DF,understat,set-piece header,0.453,6,29.5,1.2,2526+2627,2627
9220,Charlie Cresswell,DF,understat,set-piece header,0.547,2,29.0,0.15,2425+2526+2627,2627
6168,Leandro Cabrera,DF,understat,set-piece header,0.467,2,26.8,0.11,2425+2526+2627,2627
11853,Patrick Mainka,DF,understat,set-piece header,0.61,0,24.8,0.0,2425+2526,2627
5613,Gabriel,DF,understat,set-piece header,0.193,5,24.0,1.03,2425+2526+2627,2627
9985,Johan Vásquez,DF,understat,set-piece header,0.298,3,24.0,0.1,2425+2526+2627,2627
12436,Jacobo Ramón,DF,understat,set-piece header,0.505,4,24.0,1.41,2425+2526+2627,2627
833,Virgil van Dijk,DF,understat,set-piece header,0.614,2,23.5,0.12,2425+2526+2627,2627
13725,Luka Vuskovic,DF,understat,set-piece header,0.251,8,23.5,0.9,2526+2627,2627
5257,Willi Orban,DF,understat,set-piece header,0.41,7,22.5,2.01,2425+2526+2627,2627
7376,Ozan Kabak,DF,understat,set-piece header,0.605,5,22.5,0.58,2526+2627,2627
8853,Maxence Lacroix,DF,understat,set-piece header,0.607,2,22.0,0.3,2425+2526+2627,2627
7603,Marc Guehi,DF,understat,set-piece header,0.506,2,21.8,0.65,2425+2526+2627,2627
9790,Josko Gvardiol,DF,understat,set-piece header,0.674,3,21.5,0.43,2425+2526+2627,2627
12920,Leopold Querfeld,DF,understat,set-piece header,0.53,3,21.5,0.46,2425+2526+2627,2627
6490,Manuel Akanji,DF,understat,set-piece header,0.639,6,21.2,0.49,2425+2526+2627,2627
10334,Kike Salas,DF,understat,set-piece header,0.07,6,21.2,0.24,2425+2526+2627,2627
6414,Yann Bisseck,DF,understat,set-piece header,0.337,3,20.8,0.16,2425+2526+2627,2627
8317,Edmond Tapsoba,DF,understat,set-piece header,0.228,1,20.8,0.09,2425+2526+2627,2627
315,Matthias Ginter,DF,understat,set-piece header,0.64,5,20.5,0.28,2425+2526+2627,2627
8642,Strahinja Pavlovic,DF,understat,set-piece header,0.32,3,20.2,0.45,2425+2526+2627,2627
11943,Dean Huijsen,DF,understat,set-piece header,0.659,6,20.2,0.51,2425+2526+2627,2627
7485,Nico Schlotterbeck,DF,understat,set-piece header,0.372,0,20.0,0.0,2425+2526,2627
10807,Jan Paul van Hecke,DF,understat,set-piece header,0.516,4,19.8,0.68,2425+2526+2627,2627
9733,Nathan Collins,DF,understat,set-piece header,0.522,5,19.2,0.61,2425+2526+2627,2627
6978,Giovanni Di Lorenzo,DF,understat,set-piece header,0.321,1,18.8,0.01,2425+2526+2627,2627
7937,Julian Chabot,DF,understat,set-piece header,0.564,5,18.8,0.69,2425+2526+2627,2627
6159,Gianluca Mancini,DF,understat,set-piece header,0.636,3,18.5,0.51,2425+2526+2627,2627
7924,Amir Rrahmani,DF,understat,set-piece header,0.617,4,18.5,0.06,2425+2526+2627,2627
13063,Konstantinos Koulierakis,DF,understat,set-piece header,0.569,0,18.5,0.0,2425+2526,2627
7049,Evan Ndicka,DF,understat,set-piece header,0.557,2,18.0,0.51,2425+2526+2627,2627
1665,James Tarkowski,DF,understat,set-piece header,0.476,3,16.8,0.13,2425+2526+2627,2627
6174,Nikola Milenkovic,DF,understat,set-piece header,0.64,2,16.8,0.12,2425+2526+2627,2627
10721,Sepp van den Berg,DF,understat,set-piece header,0.589,0,16.5,0.0,2425+2526,2627
1687,Harry Maguire,DF,understat,set-piece header,0.356,5,16.0,0.14,2425+2526+2627,2627
6722,Konstantinos Mavropanos,DF,understat,set-piece header,0.764,0,16.0,0.0,2425+2526,2627
11707,Jurriën Timber,DF,understat,set-piece header,0.132,0,16.0,0.0,2425+2526,2627
6273,Robin Koch,DF,understat,set-piece header,0.635,4,15.8,0.22,2425+2526+2627,2627
8378,Malick Thiaw,DF,understat,set-piece header,0.466,0,15.8,0.0,2425+2526,2627
10237,Leo Østigard,DF,understat,set-piece header,0.662,2,15.8,0.12,2425+2526+2627,2627
1653,Michael Keane,DF,understat,set-piece header,0.712,0,15.5,0.0,2425+2526,2627
6048,Lewis Dunk,DF,understat,set-piece header,0.504,1,15.5,0.02,2425+2526+2627,2627
7218,Cristian Romero,DF,understat,set-piece header,0.65,3,15.5,0.22,2425+2526+2627,2627
8717,Pascal Struijk,DF,understat,set-piece header,0.62,0,15.5,0.0,2526,2627
9958,Yerson Mosquera,DF,understat,set-piece header,0.41,0,15.5,0.0,2425+2526,2627
12721,Ladislav Krejcí,DF,understat,set-piece header,0.664,0,15.5,0.0,2425+2526,2627
13715,Dan Ballard,DF,understat,set-piece header,0.655,3,15.5,0.08,2526+2627,2627
6960,Bremer,DF,understat,set-piece header,0.616,3,15.2,0.62,2425+2526+2627,2627
13070,Ali Abdi,DF,understat,set-piece header,0.155,0,15.2,0.0,2425+2526,2627
6692,Enrico Del Prato,DF,understat,set-piece header,0.583,3,15.0,0.13,2425+2526+2627,2627
2584,Raíllo,DF,understat,set-piece header,0.509,0,14.8,0.0,2425+2526,2627
6326,Ibrahima Konaté,DF,understat,set-piece header,0.583,4,14.8,0.3,2425+2526+2627,2627
7486,Leonardo Balerdi,DF,understat,set-piece header,0.724,1,14.8,0.07,2425+2526+2627,2627
12123,Murillo,DF,understat,set-piece header,0.042,3,14.8,0.26,2425+2526+2627,2627
1822,Antonio Rüdiger,DF,understat,set-piece header,0.655,2,14.5,0.09,2425+2526+2627,2627
7086,David Hancko,DF,understat,set-piece header,0.071,4,14.5,0.18,2526+2627,2627
7604,Alejandro Catena,DF,understat,set-piece header,0.695,0,14.5,0.0,2425+2526,2627
11142,Pierre Ganiou,DF,understat,set-piece header,0.417,3,14.5,0.8,2526+2627,2627
11741,Saúl Coco,DF,understat,set-piece header,0.498,2,14.5,0.4,2425+2526+2627,2627
3059,Axel Witsel,DF,understat,set-piece header,0.228,4,14.2,0.54,2425+2526+2627,2627
6807,Jaka Bijol,DF,understat,set-piece header,0.614,2,14.2,0.08,2425+2526+2627,2627
10993,Federico Gatti,DF,understat,set-piece header,0.655,1,14.2,0.45,2425+2526+2627,2627
4939,Alessandro Bastoni,DF,understat,set-piece header,0.479,2,13.8,0.15,2425+2526+2627,2627
1427,Kevin Diks,DF,understat,set-piece header,0.188,2,13.5,0.03,2526+2627,2627
6615,Trevoh Chalobah,DF,understat,set-piece header,0.414,1,13.5,0.07,2425+2526+2627,2627
10107,César Tárrega,DF,understat,set-piece header,0.671,3,13.5,0.19,2425+2526+2627,2627
6136,Mario Hermoso,DF,understat,set-piece header,0.605,2,13.2,0.15,2425+2526+2627,2627
6766,Dani Vivian,DF,understat,set-piece header,0.368,0,13.2,0.0,2425+2526,2627
1927,Berat Gjimshiti,DF,understat,set-piece header,0.692,0,13.0,0.0,2425+2526,2627
4920,Matteo Gabbia,DF,understat,set-piece header,0.614,0,13.0,0.0,2425+2526,2627
6157,Timothy Castagne,DF,understat,set-piece header,0.301,4,13.0,0.65,2425+2526+2627,2627
6314,Joachim Andersen,DF,understat,set-piece header,0.562,0,13.0,0.0,2425+2526,2627
7829,Eder Militão,DF,understat,set-piece header,0.639,0,13.0,0.0,2425+2526,2627
6696,Luca Ranieri,DF,understat,set-piece header,0.407,1,12.8,0.06,2425+2526+2627,2627
10788,Rasmus Nicolaisen,DF,understat,set-piece header,0.556,4,12.8,0.13,2425+2526+2627,2627
6133,Antonio Caracciolo,DF,understat,set-piece header,0.316,0,12.5,0.0,2526,2627
8430,Chris Richards,DF,understat,set-piece header,0.601,2,12.5,0.06,2425+2526+2627,2627
183,Jonathan Tah,DF,understat,set-piece header,0.466,2,12.0,0.65,2425+2526+2627,2627
6073,Guillermo Maripán,DF,understat,set-piece header,0.755,0,12.0,0.0,2425+2526,2627
8090,Lloyd Kelly,DF,understat,set-piece header,0.306,1,12.0,0.12,2425+2526+2627,2627
13396,Tiago Gabriel,DF,understat,set-piece header,0.382,2,12.0,1.22,2526+2627,2627
13837,David Affengruber,DF,understat,set-piece header,0.507,5,12.0,0.56,2526+2627,2627
12353,Jon Martín,DF,understat,set-piece header,0.649,2,11.8,0.07,2425+2526+2627,2627
6521,Yerry Mina,DF,understat,set-piece header,0.745,0,11.5,0.0,2425+2526,2627
10050,Micky van de Ven,DF,understat,set-piece header,0.531,2,11.5,0.69,2425+2526+2627,2627
10868,Guela Doué,DF,understat,set-piece header,0.606,1,11.5,0.04,2425+2526+2627,2627
10902,Federico Baschirotto,DF,understat,set-piece header,0.649,0,11.5,0.0,2425+2526,2627
1639,Sebastiano Luperto,DF,understat,set-piece header,0.418,0,11.2,0.0,2425+2526,2627
5329,Stefan Posch,DF,understat,set-piece header,0.112,1,11.2,0.01,2425+2526+2627,2627
8677,Lilian Brassier,DF,understat,set-piece header,0.443,1,11.2,0.01,2425+2526+2627,2627
10187,Jarell Quansah,DF,understat,set-piece header,0.408,2,11.2,0.16,2425+2526+2627,2627
11383,Renato Veiga,DF,understat,set-piece header,0.118,3,11.2,0.53,2425+2526+2627,2627
2674,Thilo Kehrer,DF,understat,set-piece header,0.697,0,11.0,0.0,2425+2526,2627
13879,Tarik Muharemovic,DF,understat,set-piece header,0.545,1,11.0,0.06,2526+2627,2627
1024,Tyrone Mings,DF,understat,set-piece header,0.786,4,10.8,0.21,2425+2526+2627,2627
10577,Mario Gila,DF,understat,set-piece header,0.681,1,10.8,0.71,2425+2526+2627,2627
12180,Javier Rodríguez,DF,understat,set-piece header,0.209,1,10.5,0.02,2425+2526+2627,2627
13313,Nicolás Valentini,DF,understat,set-piece header,0.34,1,10.5,0.02,2425+2526+2627,2627
5243,Dayotchanculle Upamecano,DF,understat,set-piece header,0.517,3,10.2,0.78,2425+2526+2627,2627
7382,Dan Burn,DF,understat,set-piece header,0.788,0,10.2,0.0,2425+2526,2627
8665,Loic Bade,DF,understat,set-piece header,0.763,1,10.2,0.16,2425+2526+2627,2627
6377,Joe Rodon,DF,understat,set-piece header,0.659,1,10.0,0.03,2526+2627,2627
7902,Matthijs de Ligt,DF,understat,set-piece header,0.565,0,10.0,0.0,2425+2526,2627
8664,Facundo Medina,DF,understat,set-piece header,0.04,1,10.0,0.49,2425+2526+2627,2627
9873,Montassar Talbi,DF,understat,set-piece header,0.354,3,10.0,0.22,2526+2627,2627
12346,Beraldo,DF,understat,set-piece header,0.099,0,10.0,0.0,2425+2526,2627
13283,Raphaël Le Guen,DF,understat,set-piece header,0.333,8,10.0,0.94,2526+2627,2627
2278,Giménez,DF,understat,set-piece header,0.683,2,9.8,0.1,2425+2526+2627,2627
3701,Gautier Lloris,DF,understat,set-piece header,0.75,1,9.8,0.06,2425+2526+2627,2627
5261,Kevin Danso,DF,understat,set-piece header,0.567,0,9.8,0.0,2425+2526,2627
6935,Naif Aguerd,DF,understat,set-piece header,0.768,0,9.8,0.0,2425+2526,2627
7320,Amos Pieper,DF,understat,set-piece header,0.211,4,9.8,0.16,2425+2526+2627,2627
8635,Sven Botman,DF,understat,set-piece header,0.487,1,9.8,0.01,2425+2526+2627,2627
9964,Koni de Winter,DF,understat,set-piece header,0.697,3,9.8,0.18,2425+2526+2627,2627
1119,Alessio Romagnoli,DF,understat,set-piece header,0.68,0,9.5,0.0,2425+2526,2627
2498,Aymeric Laporte,DF,understat,set-piece header,0.675,2,9.5,0.6,2526+2627,2627
3237,Aissa Mandi,DF,understat,set-piece header,0.185,1,9.5,0.05,2425+2526+2627,2627
6007,Nicolas Cozza,DF,understat,set-piece header,0.133,0,9.5,0.0,2425+2526,2627
7736,Brendan Chardonnet,DF,understat,set-piece header,0.54,0,9.5,0.0,2425+2526,2627
10724,Diogo Leite,DF,understat,set-piece header,0.721,0,9.5,0.0,2425+2526,2627
12286,Nobel Mendy,DF,understat,set-piece header,0.057,4,9.5,0.56,2526+2627,2627
12885,Kialonda Gaspar,DF,understat,set-piece header,0.664,1,9.5,0.77,2425+2526+2627,2627
13380,Vitor Reis,DF,understat,set-piece header,0.432,0,9.5,0.0,2526,2627
6306,Juan Foyth,DF,understat,set-piece header,0.613,4,9.2,0.14,2425+2526+2627,2627
7007,Duje Caleta-Car,DF,understat,set-piece header,0.67,0,9.2,0.0,2425+2526,2627
10727,Ko Itakura,DF,understat,set-piece header,0.757,4,9.2,0.73,2425+2627,2627
11890,Natan,DF,understat,set-piece header,0.503,2,9.2,0.52,2425+2526+2627,2627
40,Stefan Bell,DF,understat,set-piece header,0.584,0,9.0,0.0,2425+2526,2627
3363,Benjamin Pavard,DF,understat,set-piece header,0.504,1,9.0,0.04,2425+2526+2627,2627
7401,Keven Schlotterbeck,DF,understat,set-piece header,0.514,0,9.0,0.0,2425+2526,2627
8483,Bobby Thomas,DF,understat,set-piece header,0.335,9,9.0,0.25,2627,2627
8948,Aitor Paredes,DF,understat,set-piece header,0.524,1,9.0,0.53,2425+2526+2627,2627
11850,Cédric Zesiger,DF,understat,set-piece header,0.137,0,9.0,0.0,2425+2526,2627
12005,Pau Cubarsí,DF,understat,set-piece header,0.597,2,9.0,0.22,2425+2526+2627,2627
12893,Enzo Boyomo,DF,understat,set-piece header,0.509,0,9.0,0.0,2425+2526,2627
8703,Sinaly Diomande,DF,understat,set-piece header,0.189,2,8.8,0.14,2425+2526+2627,2627
10810,Alexsandro Ribeiro,DF,understat,set-piece header,0.564,0,8.8,0.0,2425+2526,2627
11016,Ousmane Camara,DF,understat,set-piece header,0.58,2,8.8,0.1,2425+2526+2627,2627
212,Nico Elvedi,DF,understat,set-piece header,0.083,1,8.5,0.06,2425+2526+2627,2627
8476,Jarrad Branthwaite,DF,understat,set-piece header,0.506,3,8.5,0.32,2425+2526+2627,2627
10789,Anthony Rouault,DF,understat,set-piece header,0.685,1,8.5,0.02,2425+2526+2627,2627
1725,Christian Kabasele,DF,understat,set-piece header,0.533,0,8.2,0.0,2425+2526,2627
7726,Ezri Konsa Ngoyo,DF,understat,set-piece header,0.534,0,8.2,0.0,2425+2526,2627
8643,Chrislain Matsima,DF,understat,set-piece header,0.624,1,8.0,0.03,2425+2526+2627,2627
8972,Victor Chust,DF,understat,set-piece header,0.066,4,8.0,0.49,2526+2627,2627
9853,Simone Canestrelli,DF,understat,set-piece header,0.597,0,8.0,0.0,2526,2627
9911,Piero Hincapié,DF,understat,set-piece header,0.159,0,8.0,0.0,2425+2526,2627
10982,Copete,DF,understat,set-piece header,0.52,0,8.0,0.0,2425+2526,2627
11038,Jhon Lucumí,DF,understat,set-piece header,0.738,1,8.0,0.0,2425+2526+2627,2627
11902,Pietro Comuzzo,DF,understat,set-piece header,0.726,2,8.0,0.63,2425+2526+2627,2627
12014,Jake O&#039;Brien,DF,understat,set-piece header,0.163,0,8.0,0.0,2425+2526,2627
13426,Finn Jeltsch,DF,understat,set-piece header,0.544,6,8.0,0.84,2425+2526+2627,2627
13732,Samson Baidoo,DF,understat,set-piece header,0.619,0,8.0,0.0,2526,2627
14187,Kacper Potulski,DF,understat,set-piece header,0.663,1,8.0,0.05,2526+2627,2627
643,Eric Dier,DF,understat,set-piece header,0.482,4,7.8,0.32,2425+2526+2627,2627
8512,Filippo Terracciano,DF,understat,set-piece header,0.084,0,7.8,0.0,2425+2526,2627
9092,Marvin Senaya,DF,understat,set-piece header,0.051,0,7.8,0.0,2425+2526,2627
11961,Sam Beukema,DF,understat,set-piece header,0.568,0,7.8,0.0,2425+2526,2627
13201,Raúl,DF,understat,set-piece header,0.506,0,7.8,0.0,2425+2526,2627
13443,Ivan Smolcic,DF,understat,set-piece header,0.622,0,7.8,0.0,2425+2526,2627
6895,Jordan Lefort,DF,understat,set-piece header,0.034,0,7.5,0.0,2425+2526,2627
10747,James Hill,DF,understat,set-piece header,0.609,0,7.5,0.0,2425+2526,2627
10812,Jubal,DF,understat,set-piece header,0.572,0,7.5,0.0,2425,2627
11545,Jérémy Jacquet,DF,understat,set-piece header,0.658,0,7.5,0.0,2425+2526,2627
12989,Jay Idzes,DF,understat,set-piece header,0.561,1,7.5,0.02,2425+2526+2627,2627
13600,Andrés Castrín,DF,understat,set-piece header,0.589,2,7.5,0.56,2526+2627,2627
7655,Carl Starfelt,DF,understat,set-piece header,0.673,4,7.2,0.79,2425+2526+2627,2627
7860,Domingos Duarte,DF,understat,set-piece header,0.678,0,7.2,0.0,2425+2526,2627
12779,Honest Ahanor,DF,understat,set-piece header,0.295,0,7.2,0.0,2425+2526,2627
8091,Ronald Araújo,DF,understat,set-piece header,0.224,0,7.0,0.0,2425+2526,2627
9239,Mamadou Simbakoli,DF,shot-profile,set-piece header,0.446,7,7.0,1.01,2627,2627
13871,Otávio,DF,understat,set-piece header,0.083,1,7.0,0.09,2526+2627,2627
7332,Max Kilman,DF,understat,set-piece header,0.731,0,6.8,0.0,2425+2526,2627
9447,Niakhate Ndiaye,DF,understat,set-piece header,0.805,1,6.8,0.45,2425+2526+2627,2627
10858,Jorge Herrando,DF,understat,set-piece header,0.702,2,6.8,0.13,2425+2526+2627,2627
6221,Pau Torres,DF,understat,set-piece header,0.375,0,6.5,0.0,2425+2526,2627
7276,Robin Le Normand,DF,understat,set-piece header,0.523,1,6.5,0.05,2425+2526+2627,2627
8756,Dara O&#039;Shea,DF,understat,set-piece header,0.653,1,6.5,0.02,2425+2627,2627
9297,Abdelkabir Abqar,DF,understat,set-piece header,0.677,0,6.5,0.0,2425+2526,2627
10945,Santiago Bueno,DF,understat,set-piece header,0.591,0,6.5,0.0,2425+2526,2627
11053,Isak Hien,DF,understat,set-piece header,0.808,0,6.5,0.0,2425+2526,2627
11061,Michel Diaz,DF,understat,set-piece header,0.568,3,6.5,0.09,2526+2627,2627
11910,William Pacho,DF,understat,set-piece header,0.475,1,6.5,0.04,2425+2526+2627,2627
11955,Alberto Dossena,DF,understat,set-piece header,0.65,0,6.5,0.0,2425+2526,2627
12040,Thomas Thiesson Kristensen,DF,understat,set-piece header,0.47,0,6.5,0.0,2425+2526,2627
13329,Abdelhamid Aït Boudlal,DF,understat,set-piece header,0.521,0,6.5,0.0,2526,2627
13894,Torbjørn Heggem,DF,understat,set-piece header,0.66,1,6.5,0.09,2526+2627,2627
1541,Stefan de Vrij,DF,understat,set-piece header,0.694,0,6.2,0.0,2425+2526,2627
3357,Djibril Sidibe,DF,understat,set-piece header,0.091,1,6.2,0.06,2425+2526+2627,2627
11788,Arouna Sangante,DF,understat,set-piece header,0.656,0,6.2,0.0,2425+2526,2627
12821,Gerard Martín,DF,understat,set-piece header,0.169,1,6.2,0.09,2425+2526+2627,2627
12955,Aurèle Amenda,DF,understat,set-piece header,0.452,1,6.2,0.01,2425+2526+2627,2627
2417,Igor Zubeldia,DF,understat,set-piece header,0.617,0,6.0,0.0,2425+2526,2627
2611,Philipp Lienhart,DF,understat,set-piece header,0.625,0,6.0,0.0,2425+2526,2627
5025,Alessandro Buongiorno,DF,understat,set-piece header,0.457,0,6.0,0.0,2425+2526,2627
5340,Marco Friedl,DF,understat,set-piece header,0.298,1,6.0,0.07,2425+2526+2627,2627
5712,Diego Carlos,DF,understat,set-piece header,0.595,1,6.0,0.06,2425+2526+2627,2627
6916,Fernando Calero,DF,understat,set-piece header,0.526,0,6.0,0.0,2425+2526,2627
6923,Mohammed Salisu,DF,understat,set-piece header,0.879,0,6.0,0.0,2425+2526,2627
9015,Cenk Özkacar,DF,understat,set-piece header,0.71,0,6.0,0.0,2425+2526,2627
9511,Castello Lukeba,DF,understat,set-piece header,0.005,1,6.0,0.02,2425+2526+2627,2627
12207,Victor Parada,DF,understat,set-piece header,0.23,0,6.0,0.0,2526,2627
13083,Matías Moreno,DF,understat,set-piece header,0.324,1,6.0,0.12,2526+2627,2627
148,Dante,DF,understat,set-piece header,0.555,0,5.8,0.0,2425+2526,2627
5062,Yeray Álvarez,DF,understat,set-piece header,0.584,3,5.8,0.19,2425+2526+2627,2627
7574,Leo Petrot,DF,understat,set-piece header,0.198,0,5.8,0.0,2425+2526,2627
10564,Leny Yoro,DF,understat,set-piece header,0.702,0,5.8,0.0,2425+2526,2627
11309,Andreas Hanche-Olsen,DF,understat,set-piece header,0.452,0,5.8,0.0,2425+2526,2627
3297,Marquinhos,DF,understat,set-piece header,0.489,2,5.5,1.21,2425+2526+2627,2627
6017,Chidozie Awaziem,DF,understat,set-piece header,0.061,0,5.5,0.0,2526,2627
6324,Marash Kumbulla,DF,understat,set-piece header,0.695,0,5.5,0.0,2425+2526,2627
8646,Wout Faes,DF,understat,set-piece header,0.847,0,5.5,0.0,2425+2526,2627
13845,Valentín Gómez,DF,understat,set-piece header,0.619,0,5.5,0.0,2526,2627
9105,Radu Dragusin,DF,understat,set-piece header,0.717,2,5.2,0.13,2425+2526+2627,2627
10805,Levi Colwill,DF,understat,set-piece header,0.234,1,5.2,0.05,2425+2627,2627
13101,Arthur Chaves,DF,understat,set-piece header,0.724,0,5.2,0.0,2425+2526,2627
13319,Facundo Garcés,DF,understat,set-piece header,0.445,0,5.2,0.0,2425+2526,2627
13449,Victor Nelsson,DF,understat,set-piece header,0.43,0,5.2,0.0,2425+2526,2627
342,Sead Kolasinac,DF,understat,set-piece header,0.064,1,5.0,0.02,2425+2526+2627,2627
5050,Clement Lenglet,DF,understat,set-piece header,0.625,0,5.0,0.0,2425+2526,2627
7981,Nianzou Kouassi,DF,understat,set-piece header,0.612,0,5.0,0.0,2425+2526,2627
8495,Taylor Harwood-Bellis,DF,understat,set-piece header,0.634,0,5.0,0.0,2425,2627
9487,Maxime Estève,DF,understat,set-piece header,0.564,0,5.0,0.0,2526,2627
9563,Mamadou Mbow,DF,understat,set-piece header,0.643,0,5.0,0.0,2526,2627
9678,Ethan Pinnock,DF,understat,set-piece header,0.572,2,5.0,0.09,2425+2526+2627,2627
9943,Moritz Jenz,DF,understat,set-piece header,0.847,0,5.0,0.0,2425+2526,2627
10169,Diego Coppola,DF,understat,set-piece header,0.773,0,5.0,0.0,2425+2526,2627
10200,Rafa Marín,DF,understat,set-piece header,0.29,2,5.0,0.1,2425+2526+2627,2627
10999,Marcão,DF,understat,set-piece header,0.843,0,5.0,0.0,2526,2627
11259,Julien Le Cardinal,DF,understat,set-piece header,0.54,0,5.0,0.0,2425+2526,2627
11486,Illia Zabarnyi,DF,understat,set-piece header,0.622,0,5.0,0.0,2425+2526,2627
12078,Alan Matturro,DF,understat,set-piece header,0.607,0,5.0,0.0,2425+2526,2627
12842,Mark McKenzie,DF,understat,set-piece header,0.594,0,5.0,0.0,2425+2526,2627
13012,Robin Hranác,DF,understat,set-piece header,0.334,1,5.0,0.06,2526+2627,2627
13750,Kojo Peprah Oppong,DF,understat,set-piece header,0.379,0,5.0,0.0,2526,2627
14841,Christ Tapé,DF,understat,set-piece header,0.185,5,5.0,1.51,2627,2627
8260,Erling Haaland,FW,understat,box finisher,0.536,16,105.8,3.42,2425+2526+2627,2627
647,Harry Kane,FW,understat,box finisher,0.414,16,104.0,2.47,2425+2526+2627,2627
1235,Ante Budimir,FW,understat,box finisher,0.46,16,92.2,4.05,2425+2526+2627,2627
12008,Nikola Krstovic,FW,understat,box finisher,0.287,5,88.8,0.83,2425+2526+2627,2627
7006,Lautaro Martínez,FW,understat,box finisher,0.595,16,87.5,2.99,2425+2526+2627,2627
10804,Deniz Undav,FW,understat,box finisher,0.529,1,81.8,0.12,2425+2526+2627,2627
1304,Moise Kean,FW,understat,box finisher,0.265,4,79.2,0.26,2425+2526+2627,2627
3738,Serhou Guirassy,FW,understat,box finisher,0.535,10,74.2,1.78,2425+2526+2627,2627
9749,Donyell Malen,FW,understat,box finisher,0.347,17,73.5,5.54,2425+2526+2627,2627
8187,Georges Mikautadze,FW,understat,box finisher,0.345,19,71.0,3.28,2425+2526+2627,2627
9002,Vedat Muriqi,FW,understat,box finisher,0.46,0,70.5,0.0,2425+2526,2627
6400,Antonio Martínez,FW,understat,box finisher,0.493,11,68.5,2.07,2425+2526+2627,2627
12850,Esteban Lepaul,FW,understat,box finisher,0.769,14,67.8,2.58,2425+2526+2627,2627
1236,Patrik Schick,FW,understat,box finisher,0.477,13,66.0,2.63,2425+2526+2627,2627
5992,Marcus Thuram,FW,understat,box finisher,0.612,12,65.2,3.13,2425+2526+2627,2627
8865,Ollie Watkins,FW,understat,box finisher,0.566,0,62.5,0.0,2425+2526,2627
6954,Juan Camilo Hernández,FW,understat,box finisher,0.311,7,62.2,1.88,2425+2526+2627,2627
10948,Valentín Castellanos,FW,understat,box finisher,0.686,0,62.0,0.0,2425+2526,2627
8995,Hugo Ekitike,FW,understat,box finisher,0.403,0,61.8,0.0,2425+2526,2627
4105,Raúl Jiménez,FW,understat,box finisher,0.642,0,60.5,0.0,2425+2526,2627
227,Robert Lewandowski,FW,understat,box finisher,0.507,0,60.2,0.0,2425+2526,2627
12963,Evanilson,FW,understat,box finisher,0.568,6,60.2,0.76,2425+2526+2627,2627
8272,João Pedro,FW,understat,box finisher,0.625,11,59.2,2.52,2425+2526+2627,2627
5555,Dominic Calvert-Lewin,FW,understat,box finisher,0.492,10,59.0,2.95,2425+2526+2627,2627
7020,Gorka Guruzeta,FW,understat,box finisher,0.574,2,58.8,0.06,2425+2526+2627,2627
2234,Mikel Oyarzabal,FW,understat,box finisher,0.422,8,58.2,0.83,2425+2526+2627,2627
4895,Andrea Pinamonti,FW,understat,box finisher,0.57,1,57.2,0.11,2425+2526+2627,2627
6905,Ludovic Ajorque,FW,understat,box finisher,0.492,16,57.0,1.23,2425+2526+2627,2627
11767,Gonçalo Ramos,FW,understat,box finisher,0.585,14,56.8,2.33,2425+2526+2627,2627
13222,Thiago,FW,understat,box finisher,0.427,13,55.5,3.05,2425+2526+2627,2627
9156,Kevin Schade,FW,understat,box finisher,0.501,13,55.2,1.65,2425+2526+2627,2627
7375,Roberto Piccoli,FW,understat,box finisher,0.636,7,54.8,1.54,2425+2526+2627,2627
11792,Issa Soumaré,FW,understat,box finisher,0.446,5,54.2,0.51,2425+2526+2627,2627
12528,Santiago Castro,FW,understat,box finisher,0.58,7,54.2,1.08,2425+2526+2627,2627
6531,Alexander Sørloth,FW,understat,box finisher,0.476,0,53.8,0.0,2425+2526,2627
6401,Amine Gouiri,FW,understat,box finisher,0.057,13,52.2,2.67,2425+2526+2627,2627
8478,Lorenzo Colombo,FW,understat,box finisher,0.303,5,52.0,0.89,2425+2526+2627,2627
11974,Benjamin Sesko,FW,understat,box finisher,0.51,4,51.5,0.51,2425+2526+2627,2627
11845,Phillip Tietz,FW,understat,box finisher,0.51,13,51.2,2.05,2425+2526+2627,2627
12030,Tasos Douvikas,FW,understat,box finisher,0.526,11,51.2,2.75,2425+2526+2627,2627
12916,Thierno Barry,FW,understat,box finisher,0.464,14,51.2,2.92,2425+2526+2627,2627
956,Andrej Kramaric,FW,understat,box finisher,0.085,1,50.8,0.03,2425+2526+2627,2627
5735,Jean-Philippe Mateta,FW,understat,box finisher,0.498,2,50.8,1.32,2425+2526+2627,2627
13350,Roberto Fernández,FW,understat,box finisher,0.563,16,50.8,4.34,2425+2526+2627,2627
6441,Ferrán Torres,FW,understat,box finisher,0.553,4,50.5,0.45,2425+2526+2627,2627
8636,Jonathan Christian David,FW,understat,box finisher,0.41,10,48.8,2.68,2425+2526+2627,2627
1102,Giovanni Simeone,FW,understat,box finisher,0.299,6,48.2,0.86,2425+2526+2627,2627
1189,Lucas Boyé,FW,understat,box finisher,0.277,16,47.5,1.69,2526+2627,2627
9662,Dango Ouattara,FW,understat,box finisher,0.385,4,47.5,0.07,2425+2526+2627,2627
9690,Folarin Balogun,FW,understat,box finisher,0.308,1,47.2,0.12,2425+2526+2627,2627
318,Pierre-Emerick Aubameyang,FW,understat,box finisher,0.321,17,47.0,3.74,2526+2627,2627
13446,Mateo Pellegrino,FW,understat,box finisher,0.543,5,47.0,0.74,2425+2526+2627,2627
7108,Jonathan Burkardt,FW,understat,box finisher,0.476,8,46.5,1.4,2425+2526+2627,2627
5074,Kike García,FW,understat,box finisher,0.66,0,45.8,0.0,2425+2526,2627
5232,Alexander Isak,FW,understat,box finisher,0.594,12,45.2,3.05,2425+2526+2627,2627
11055,Rasmus Højlund,FW,understat,box finisher,0.42,7,45.0,1.17,2425+2526+2627,2627
9275,Iván Romero,FW,understat,box finisher,0.559,15,44.5,3.1,2526+2627,2627
6496,Ermedin Demirovic,FW,understat,box finisher,0.635,7,44.0,1.37,2425+2526+2627,2627
7084,Dusan Vlahovic,FW,understat,box finisher,0.418,0,43.8,0.0,2425+2526,2627
11186,Alvaro Rodríguez,FW,understat,box finisher,0.482,0,43.2,0.0,2425+2526,2627
8868,Liam Delap,FW,understat,box finisher,0.413,8,43.0,0.92,2425+2526+2627,2627
501,Danny Welbeck,FW,understat,box finisher,0.589,0,42.8,0.0,2425+2526,2627
8137,Maximilian Beier,FW,understat,box finisher,0.707,7,42.5,1.28,2425+2526+2627,2627
770,Ayoze Pérez,FW,understat,box finisher,0.597,11,42.2,1.91,2425+2526+2627,2627
2662,Christian Pulisic,FW,understat,box finisher,0.076,1,42.2,0.11,2425+2526+2627,2627
12421,Andrej Ilic,FW,understat,box finisher,0.379,0,42.2,0.0,2425+2526,2627
13778,Igor Jesus,FW,understat,box finisher,0.507,7,42.0,1.85,2526+2627,2627
14003,Francesco Pio Esposito,FW,understat,box finisher,0.568,13,41.5,2.31,2526+2627,2627
12953,Igor Matanovic,FW,understat,box finisher,0.495,13,41.2,1.36,2425+2526+2627,2627
13013,Haris Tabakovic,FW,understat,box finisher,0.511,0,41.0,0.0,2425+2526,2627
11070,Jørgen Strand Larsen,FW,understat,box finisher,0.533,5,40.5,0.33,2425+2526+2627,2627
10048,Nicolas Jackson,FW,understat,box finisher,0.353,2,40.0,0.16,2425+2526+2627,2627
10100,Kamory Doumbia,FW,understat,box finisher,0.055,13,40.0,4.28,2425+2526+2627,2627
9001,Martín Satriano,FW,understat,box finisher,0.152,13,39.8,1.52,2425+2526+2627,2627
9983,Beto,FW,understat,box finisher,0.533,6,39.8,0.56,2425+2526+2627,2627
5675,Ismaila Sarr,FW,understat,box finisher,0.402,0,38.8,0.0,2425+2526,2627
8287,Mbwana Samatta,FW,understat,box finisher,0.368,17,38.0,1.18,2526+2627,2627
12305,Isaac Romero,FW,understat,box finisher,0.294,4,38.0,0.29,2425+2526+2627,2627
10113,Fisnik Asllani,FW,understat,box finisher,0.304,1,37.5,0.46,2526+2627,2627
13925,Ransford Königsdörffer,FW,understat,box finisher,0.391,5,37.5,0.63,2526+2627,2627
1053,Keinan Davis,FW,understat,box finisher,0.128,5,37.2,0.39,2425+2526+2627,2627
2543,Borja Iglesias,FW,understat,box finisher,0.43,2,36.5,0.24,2425+2526+2627,2627
2270,Antoine Griezmann,FW,understat,box finisher,0.139,0,36.0,0.0,2425+2526,2627
5786,Yoane Wissa,FW,understat,box finisher,0.396,7,36.0,1.65,2425+2526+2627,2627
10877,Charles De Ketelaere,FW,understat,box finisher,0.282,1,36.0,0.07,2425+2526+2627,2627
7879,Marius Bülter,FW,understat,box finisher,0.142,5,35.5,1.74,2425+2526+2627,2627
4175,Pere Milla,FW,understat,box finisher,0.373,3,35.2,0.08,2425+2526+2627,2627
8042,Raul García,FW,understat,box finisher,0.127,9,35.0,0.98,2425+2526+2627,2627
11856,Marvin Pieringer,FW,understat,box finisher,0.587,4,35.0,0.28,2425+2526+2627,2627
6026,Richarlison,FW,understat,box finisher,0.51,0,34.8,0.0,2425+2526,2627
6253,Gianluca Scamacca,FW,understat,box finisher,0.3,6,34.8,0.34,2425+2526+2627,2627
3697,Odsonne Edouard,FW,understat,box finisher,0.326,3,34.2,0.25,2425+2526+2627,2627
6170,André Silva,FW,understat,box finisher,0.508,0,34.0,0.0,2425+2526,2627
8407,Tim Lemperle,FW,understat,box finisher,0.118,7,33.5,1.29,2526+2627,2627
11046,Abdallah Sima,FW,understat,box finisher,0.491,9,33.5,1.32,2425+2526+2627,2627
11227,Dzenan Pejcinovic,FW,understat,box finisher,0.535,8,33.5,1.83,2526+2627,2627
2120,Gerard Moreno,FW,understat,box finisher,0.341,7,33.0,2.57,2425+2526+2627,2627
5356,Breel Embolo,FW,understat,box finisher,0.529,0,33.0,0.0,2425+2526,2627
13769,Carlos Espí,FW,understat,box finisher,0.545,4,32.5,1.38,2526+2627,2627
13852,Rômulo,FW,understat,box finisher,0.526,1,32.5,0.46,2526+2627,2627
14082,Emersonn,FW,understat,box finisher,0.667,7,32.5,1.26,2526+2627,2627
8117,Nick Woltemade,FW,understat,box finisher,0.409,4,32.2,0.36,2425+2526+2627,2627
6637,Hugo Duro,FW,understat,box finisher,0.484,2,32.0,0.11,2425+2526+2627,2627
11981,Benedict Hollerbach,FW,understat,box finisher,0.02,2,32.0,0.53,2425+2526+2627,2627
9018,M&#039;Bala Nzola,FW,understat,box finisher,0.62,0,31.2,0.0,2425+2526,2627
8869,Ragnar Ache,FW,understat,box finisher,0.499,5,31.0,0.44,2526+2627,2627
13856,Christian Kofane,FW,understat,box finisher,0.615,8,31.0,1.05,2526+2627,2627
5220,Kai Havertz,FW,understat,box finisher,0.504,8,30.2,0.83,2425+2526+2627,2627
7908,Marshall Munetsi,FW,understat,box finisher,0.599,0,30.0,0.0,2425+2526,2627
10288,Anton Kade,FW,understat,box finisher,0.433,6,30.0,1.93,2526+2627,2627
13705,Federico Viñas,FW,understat,box finisher,0.312,0,30.0,0.0,2526,2627
13729,Zian Flemming,FW,understat,box finisher,0.569,4,30.0,0.81,2526+2627,2627
12784,Ange-Yoan Bonny,FW,understat,box finisher,0.428,3,29.8,1.05,2425+2526+2627,2627
755,Jamie Vardy,FW,understat,box finisher,0.665,0,29.5,0.0,2425+2526,2627
4456,Chris Wood,FW,understat,box finisher,0.485,1,29.5,0.06,2425+2526+2627,2627
5743,Randal Kolo Muani,FW,understat,box finisher,0.488,9,29.5,0.74,2425+2526+2627,2627
8685,Mohamed Ali-Cho,FW,understat,box finisher,0.372,4,29.2,0.71,2425+2526+2627,2627
10717,Rodrigo Muniz,FW,understat,box finisher,0.547,3,29.0,0.22,2425+2526+2627,2627
12413,Joaquín Panichelli,FW,understat,box finisher,0.552,0,29.0,0.0,2526,2627
3300,Christopher Nkunku,FW,understat,box finisher,0.562,8,28.8,0.99,2425+2526+2627,2627
7752,Gabriel Martinelli,FW,understat,box finisher,0.262,0,28.5,0.0,2425+2526,2627
10994,Kristian Thorstvedt,FW,understat,box finisher,0.202,7,28.5,0.94,2526+2627,2627
1679,Dominic Solanke,FW,understat,box finisher,0.735,3,28.0,0.3,2425+2526+2627,2627
11936,Lorenzo Lucca,FW,understat,box finisher,0.615,2,28.0,0.14,2425+2526+2627,2627
10831,Mostafa Mohamed,FW,understat,box finisher,0.414,0,27.8,0.0,2425+2526,2627
7254,Viktor Gyokeres,FW,understat,box finisher,0.572,0,27.5,0.0,2526,2627
10193,Frank Magri,FW,understat,box finisher,0.512,0,27.5,0.0,2425+2526,2627
10930,Etta Eyong,FW,understat,box finisher,0.518,2,27.5,0.08,2425+2526+2627,2627
11877,Michael Folorunsho,FW,understat,box finisher,0.06,7,27.5,0.46,2425+2526+2627,2627
87,Joelinton,FW,understat,box finisher,0.227,0,27.2,0.0,2425+2526,2627
10774,Adam Hlozek,FW,understat,box finisher,0.156,11,27.2,1.91,2425+2526+2627,2627
11154,Pablo Durán,FW,understat,box finisher,0.071,2,27.0,0.11,2425+2526+2627,2627
8778,Fabio Silva,FW,understat,box finisher,0.29,3,26.8,0.63,2425+2526+2627,2627
171,Michael Gregoritsch,FW,understat,box finisher,0.681,8,26.5,2.16,2425+2526+2627,2627
8549,Ferrán Jutglà,FW,understat,box finisher,0.038,4,26.5,0.29,2526+2627,2627
13335,Goduine Koyalipou,FW,understat,box finisher,0.306,0,26.5,0.0,2425+2526,2627
9345,Ahmadou Bamba Dieng,FW,understat,box finisher,0.48,0,26.2,0.0,2425+2526,2627
13048,Orri Óskarsson,FW,understat,box finisher,0.304,8,26.2,2.74,2425+2526+2627,2627
11269,Jack Hinshelwood,FW,understat,box finisher,0.519,3,26.0,1.4,2425+2526+2627,2627
11898,Mateo Retegui,FW,understat,box finisher,0.668,0,26.0,0.0,2425,2627
13767,Roger Brugué,FW,understat,box finisher,0.508,12,26.0,2.61,2526+2627,2627
13939,Stefano Moreo,FW,understat,box finisher,0.331,0,26.0,0.0,2526,2627
5256,Oliver Burke,FW,understat,box finisher,0.485,0,25.8,0.0,2425+2526,2627
10794,Thijs Dallinga,FW,understat,box finisher,0.706,6,25.8,1.38,2425+2526+2627,2627
11736,Artem Dovbyk,FW,understat,box finisher,0.645,4,25.8,1.03,2425+2526+2627,2627
12934,Shuto Machino,FW,understat,box finisher,0.092,1,25.8,0.05,2425+2526+2627,2627
14417,Kieron Bowie,FW,understat,box finisher,0.357,9,25.5,1.57,2526+2627,2627
6475,Lucas Höler,FW,understat,box finisher,0.568,0,25.2,0.0,2425+2526,2627
6933,Javi Puado,FW,understat,box finisher,0.231,0,25.2,0.0,2425+2526,2627
12378,Tijjani Noslin,FW,understat,box finisher,0.377,3,25.2,1.13,2425+2526+2627,2627
13735,Pavel Sulc,FW,understat,box finisher,0.206,3,25.0,0.1,2526+2627,2627
6142,Tim Kleindienst,FW,understat,box finisher,0.618,6,24.8,0.53,2425+2627,2627
7967,Anssumane Fati,FW,understat,box finisher,0.266,0,24.5,0.0,2425+2526,2627
1450,Umar Sadiq,FW,understat,box finisher,0.597,3,24.2,1.06,2425+2526+2627,2627
11900,Lucas Beltrán,FW,understat,box finisher,0.484,0,24.2,0.0,2425+2526,2627
9789,Brian Brobbey,FW,understat,box finisher,0.56,6,24.0,0.88,2526+2627,2627
11817,Emanuel Emegha,FW,understat,box finisher,0.35,0,23.8,0.0,2425+2526,2627
11867,Victor Boniface,FW,understat,box finisher,0.397,3,23.8,0.24,2425+2526+2627,2627
502,Olivier Giroud,FW,understat,box finisher,0.441,3,23.5,0.83,2526+2627,2627
1134,Mario Pasalic,FW,understat,box finisher,0.409,0,23.5,0.0,2425+2526,2627
10870,Williot Swedberg,FW,understat,box finisher,0.068,4,23.5,1.13,2425+2526+2627,2627
6544,Lukas Nmecha,FW,understat,box finisher,0.469,3,23.0,0.2,2425+2526+2627,2627
8875,Tolu Arokodare,FW,understat,box finisher,0.438,0,23.0,0.0,2526,2627
12035,Gonzalo García,FW,understat,box finisher,0.49,12,22.8,1.99,2425+2526+2627,2627
468,Callum Wilson,FW,understat,box finisher,0.46,2,22.5,0.15,2425+2526+2627,2627
1148,Duván Zapata,FW,understat,box finisher,0.557,0,22.2,0.0,2425+2526,2627
6482,Eddie Nketiah,FW,understat,box finisher,0.212,4,22.2,1.34,2425+2526+2627,2627
12857,Daniel Mosquera,FW,understat,box finisher,0.2,0,22.2,0.0,2425+2526,2627
8006,Evann Guessand,FW,understat,box finisher,0.586,1,21.8,0.04,2425+2526+2627,2627
12970,Sebastian Nanasi,FW,understat,box finisher,0.349,5,21.8,0.57,2425+2526+2627,2627
6098,Niclas Füllkrug,FW,understat,box finisher,0.537,5,21.5,0.91,2425+2526+2627,2627
7749,Rayan Philippe,FW,understat,box finisher,0.113,2,21.5,0.05,2526+2627,2627
13969,Nikola Stulic,FW,understat,box finisher,0.333,5,21.5,1.33,2526+2627,2627
13506,Rayan Fofana,FW,understat,box finisher,0.212,3,21.0,0.92,2526+2627,2627
3348,Florian Sotoca,FW,understat,box finisher,0.37,2,20.2,0.34,2425+2526+2627,2627
5769,Habib Diallo,FW,understat,box finisher,0.463,1,20.0,0.04,2526+2627,2627
10349,Mika Biereth,FW,understat,box finisher,0.461,0,20.0,0.0,2425+2526,2627
8044,Joshua Zirkzee,FW,understat,box finisher,0.736,0,19.5,0.0,2425+2526,2627
12922,Samuel Essende,FW,understat,box finisher,0.098,0,19.5,0.0,2425+2526,2627
13323,Budu Zivzivadze,FW,understat,box finisher,0.492,0,19.5,0.0,2425+2526,2627
14118,Charalampos Kostoulas,FW,understat,box finisher,0.481,9,19.5,1.58,2526+2627,2627
13453,Santiago Giménez,FW,understat,box finisher,0.663,0,19.2,0.0,2425+2526,2627
9843,Caleb Ekuban,FW,understat,box finisher,0.63,0,19.0,0.0,2425+2526,2627
3746,Gaetan Laborde,FW,understat,box finisher,0.57,0,18.5,0.0,2425,2627
11861,Stefan Schimmer,FW,understat,box finisher,0.65,0,18.5,0.0,2425+2526,2627
12726,Christantus Uche,FW,understat,box finisher,0.17,0,18.5,0.0,2425+2526,2627
1804,Álvaro Morata,FW,understat,box finisher,0.529,0,18.2,0.0,2425+2526,2627
12069,Junior Adamu,FW,understat,box finisher,0.525,5,18.2,1.42,2425+2526+2627,2627
1709,Cristhian Stuani,FW,understat,box finisher,0.431,0,18.0,0.0,2425+2526,2627
12255,Paris Brunner,FW,understat,box finisher,0.335,16,18.0,2.9,2526+2627,2627
13057,Lucas Stassin,FW,understat,box finisher,0.225,7,18.0,0.87,2425+2627,2627
5179,Jon Guridi,FW,understat,box finisher,0.485,4,17.5,0.85,2425+2526+2627,2627
5543,Gabriel Jesus,FW,understat,box finisher,0.649,3,17.5,0.36,2425+2526+2627,2627
14059,Alemão,FW,understat,box finisher,0.532,5,17.5,0.79,2526+2627,2627
594,Romelu Lukaku,FW,understat,box finisher,0.698,0,17.0,0.0,2425+2526,2627
6332,Willem Geubbels,FW,understat,box finisher,0.519,2,17.0,0.26,2526+2627,2627
11883,Gennaro Borrelli,FW,understat,box finisher,0.428,2,17.0,0.09,2526+2627,2627
7224,Boulaye Dia,FW,understat,box finisher,0.477,1,16.8,0.07,2425+2526+2627,2627
2306,Cédric Bakambu,FW,understat,box finisher,0.367,0,16.5,0.0,2425+2526,2627
7562,Eric Junior Dina Ebimbe,FW,understat,box finisher,0.461,1,16.5,0.02,2425+2526+2627,2627
11208,Mateo Joseph,FW,understat,box finisher,0.154,0,16.5,0.0,2526,2627
9350,Armindo Sieb,FW,understat,box finisher,0.034,0,16.2,0.0,2425+2526,2627
7814,Taiwo Awoniyi,FW,understat,box finisher,0.522,6,16.0,1.33,2425+2526+2627,2627
12049,Aiyegun Tosin,FW,understat,box finisher,0.672,1,16.0,0.49,2526+2627,2627
13811,Idrissa Gueye,FW,understat,box finisher,0.416,5,16.0,0.83,2526+2627,2627
4419,Adam Armstrong,FW,understat,box finisher,0.184,0,15.5,0.0,2425+2526,2627
13604,Prosper Peter,FW,understat,box finisher,0.542,4,15.5,0.98,2526+2627,2627
11762,Morgan Guilavogui,FW,understat,box finisher,0.722,0,15.2,0.0,2425+2526,2627
12418,Rodrigo Ribeiro,FW,understat,box finisher,0.296,2,15.0,0.55,2526+2627,2627
14732,Chupe,FW,understat,box finisher,0.035,15,15.0,2.56,2627,2627
3277,Alexandre Lacazette,FW,understat,box finisher,0.514,0,14.8,0.0,2425,2627
13210,Mohamed Meïté,FW,understat,box finisher,0.682,0,14.8,0.0,2425+2526,2627
10394,Jonas Wind,FW,understat,box finisher,0.573,0,14.5,0.0,2425+2526,2627
10895,Dany Mota,FW,understat,box finisher,0.326,4,14.5,0.87,2425+2627,2627
12855,Casper Tengstedt,FW,understat,box finisher,0.288,5,14.5,1.32,2425+2627,2627
14445,Paul Mendy,FW,understat,box finisher,0.376,7,14.5,1.12,2526+2627,2627
498,Alexis Sánchez,FW,understat,box finisher,0.304,0,14.2,0.0,2425+2526,2627
7939,Morten Thorsby,FW,understat,box finisher,0.457,0,14.2,0.0,2425+2526,2627
11314,Keke Maximilian Topp,FW,understat,box finisher,0.297,0,14.2,0.0,2425+2526,2627
1736,Oliver McBurnie,FW,understat,box finisher,0.682,6,14.0,1.41,2425+2627,2627
3856,Milan Djuric,FW,understat,box finisher,0.411,0,14.0,0.0,2425+2526,2627
10074,Sambou Soumano,FW,understat,box finisher,0.552,0,14.0,0.0,2526,2627
5611,Martin Terrier,FW,understat,box finisher,0.493,1,13.5,0.05,2425+2526+2627,2627
9813,Randy Nteka,FW,understat,box finisher,0.686,3,13.5,0.66,2425+2526+2627,2627
14041,Vladyslav Vanat,FW,understat,box finisher,0.399,0,13.5,0.0,2526,2627
14435,Jacen Russell-Rowe,FW,understat,box finisher,0.283,8,13.5,1.39,2526+2627,2627
6238,Ignatius Ganago,FW,understat,box finisher,0.592,0,13.2,0.0,2425+2526,2627
10736,Philipp Hofmann,FW,understat,box finisher,0.369,0,13.0,0.0,2425,2627
6854,Diogo Jota,FW,understat,box finisher,0.697,0,12.8,0.0,2425,2627
12804,George Ilenikhena,FW,understat,box finisher,0.306,0,12.8,0.0,2425+2526,2627
465,Joshua King,FW,understat,box finisher,0.52,0,12.5,0.0,2425,2627
2117,Marco Asensio,FW,understat,box finisher,0.011,0,12.5,0.0,2425,2627
2252,Borja Mayoral,FW,understat,box finisher,0.739,0,12.5,0.0,2425+2526,2627
3390,Rémy Cabella,FW,understat,box finisher,0.089,0,12.5,0.0,2425+2526,2627
7284,Marco Brescianini,FW,understat,box finisher,0.096,1,12.5,0.02,2425+2526+2627,2627
8997,Terem Igobor Moffi,FW,understat,box finisher,0.659,3,12.5,0.41,2425+2526+2627,2627
12776,Jeff Ekhator,FW,understat,box finisher,0.365,0,12.5,0.0,2425+2526,2627
13700,Alberto Reina,FW,understat,box finisher,0.116,0,12.5,0.0,2526,2627
14388,Luis Vázquez,FW,understat,box finisher,0.562,0,12.5,0.0,2526,2627
9912,Cameron Archer,FW,understat,box finisher,0.383,5,12.2,1.85,2425+2627,2627
11143,Nelson Weiper,FW,understat,box finisher,0.681,0,12.2,0.0,2425+2526,2627
813,Salomón Rondón,FW,understat,box finisher,0.362,0,12.0,0.0,2526,2627
13976,Hamza Igamane,FW,understat,box finisher,0.53,0,12.0,0.0,2526,2627
702,Tammy Abraham,FW,understat,box finisher,0.633,0,11.5,0.0,2425+2526,2627
13966,Martijn Kaars,FW,understat,box finisher,0.094,0,11.5,0.0,2526,2627
6415,Nikolas Nartey,FW,understat,box finisher,0.333,0,11.0,0.0,2526,2627
8271,Fernando Niño,FW,understat,box finisher,0.443,11,11.0,2.77,2627,2627
8645,Enzo Millot,FW,understat,box finisher,0.089,0,11.0,0.0,2425,2627
8768,Kevin Omoruyi,FW,understat,box finisher,0.663,0,11.0,0.0,2526,2627
14794,Gustavo Varela,FW,understat,box finisher,0.282,11,11.0,2.62,2627,2627
2217,Antonio Sanabria,FW,understat,box finisher,0.495,0,10.8,0.0,2425+2526,2627
13417,Maroan Sannadi,FW,understat,box finisher,0.263,2,10.8,0.63,2425+2526+2627,2627
3310,Alassane Pléa,FW,understat,box finisher,0.231,0,10.5,0.0,2425,2627
12881,Henrik Meister,FW,understat,box finisher,0.224,0,10.5,0.0,2425+2526,2627
13885,Andréas Hountondji,FW,understat,box finisher,0.124,0,10.5,0.0,2526,2627
14329,Younes Ebnoutalib,FW,understat,box finisher,0.381,8,10.5,2.01,2526+2627,2627
12302,Vitor Roque,FW,understat,box finisher,0.014,0,10.2,0.0,2425,2627
7498,Lyle Foster,FW,understat,box finisher,0.259,0,10.0,0.0,2526,2627
10342,Louis Mafouta,FW,understat,box finisher,0.413,10,10.0,3.73,2627,2627
10399,Juan Latasa,FW,understat,box finisher,0.498,0,10.0,0.0,2425,2627
12218,Francesco Camarda,FW,understat,box finisher,0.242,0,10.0,0.0,2425+2526,2627
13956,Vakoun Bayo,FW,understat,box finisher,0.528,3,10.0,0.79,2526+2627,2627
11340,Cyle Larin,FW,understat,box finisher,0.669,0,9.8,0.0,2425,2627
5222,Joel Pohjanpalo,FW,understat,box finisher,0.074,0,9.5,0.0,2425,2627
13718,Eliezer Mayenda,FW,understat,box finisher,0.238,3,9.5,0.21,2526+2627,2627
13801,Alimami Gory,FW,understat,box finisher,0.248,0,9.5,0.0,2526,2627
13075,Phil Harres,FW,understat,box finisher,0.679,0,9.2,0.0,2425,2627
6084,Johannes Eggestein,FW,understat,box finisher,0.109,0,9.0,0.0,2425,2627
8384,Armando Broja,FW,understat,box finisher,0.523,0,9.0,0.0,2425+2526,2627
12470,Max Moerstedt,FW,understat,box finisher,0.565,3,9.0,1.18,2425+2526+2627,2627
13038,Justin Devenny,FW,understat,box finisher,0.162,0,9.0,0.0,2425+2526,2627
13996,Tani Oluwaseyi,FW,understat,box finisher,0.471,1,9.0,0.04,2526+2627,2627
14860,Amine El Ouazzani,FW,understat,box finisher,0.209,9,9.0,1.09,2627,2627
14931,Abiel Osorio,FW,understat,box finisher,0.189,9,9.0,1.54,2627,2627
6924,Miguel De la Fuente,FW,understat,box finisher,0.185,0,8.8,0.0,2425,2627
1209,Ciro Immobile,FW,understat,box finisher,0.45,0,8.5,0.0,2526,2627
3682,Jordan Siebatcheu,FW,understat,box finisher,0.58,0,8.5,0.0,2425,2627
5724,Irvin Cardona,FW,understat,box finisher,0.464,0,8.5,0.0,2425,2627
10720,Darwin Núñez,FW,understat,box finisher,0.523,0,8.5,0.0,2425,2627
11360,Paul Onuachu,FW,understat,box finisher,0.52,0,8.5,0.0,2425,2627
7549,Abel Ruiz,FW,understat,box finisher,0.324,0,8.2,0.0,2425+2526,2627
9539,Antonio Raimondo,FW,understat,box finisher,0.357,8,8.2,2.26,2425+2627,2627
12988,Sirlord Conteh,FW,understat,box finisher,0.299,0,8.2,0.0,2425+2526,2627
5250,Yussuf Poulsen,FW,understat,box finisher,0.656,1,8.0,0.07,2425+2526+2627,2627
6864,Renaud Ripart,FW,understat,box finisher,0.448,8,8.0,1.16,2627,2627
9326,Robert Glatzel,FW,understat,box finisher,0.495,0,8.0,0.0,2526,2627
10920,Junya Ito,FW,understat,box finisher,0.18,0,8.0,0.0,2425,2627
12041,Roman Yaremchuk,FW,understat,box finisher,0.397,0,8.0,0.0,2526,2627
13741,Jhon Arias,FW,understat,box finisher,0.025,0,8.0,0.0,2526,2627
1186,Andrea Belotti,FW,understat,box finisher,0.797,0,7.8,0.0,2425+2526,2627
11366,Jhon Durán,FW,understat,box finisher,0.01,0,7.8,0.0,2425,2627
1104,Leonardo Pavoletti,FW,understat,box finisher,0.766,0,7.5,0.0,2425+2526,2627
2082,Youssef El-Arabi,FW,understat,box finisher,0.482,0,7.5,0.0,2526,2627
5988,Ibrahima Niane,FW,understat,box finisher,0.426,0,7.5,0.0,2425,2627
8294,El Bilal Touré,FW,understat,box finisher,0.11,4,7.5,0.25,2425+2627,2627
8813,Tanguy Coulibaly,FW,understat,box finisher,0.022,0,7.5,0.0,2425,2627
14465,Ibrahim Diabate,FW,understat,box finisher,0.208,0,7.5,0.0,2526,2627
5954,Eldor Shomurodov,FW,understat,box finisher,0.579,0,7.2,0.0,2425,2627
12330,Noah Edjouma,FW,understat,box finisher,0.289,1,7.2,0.05,2425+2526+2627,2627
12794,Diego García,FW,understat,box finisher,0.406,0,7.2,0.0,2425,2627
13330,Robinio Vaz,FW,understat,box finisher,0.643,0,7.0,0.0,2425+2526,2627
14373,Mamadou Koné,FW,understat,box finisher,0.61,7,7.0,1.29,2627,2627
14808,David Romero,FW,understat,box finisher,0.112,7,7.0,0.9,2627,2627
11753,Oumar Diakité,FW,understat,box finisher,0.747,0,6.8,0.0,2425,2627
13461,Giorgos Masouras,FW,understat,box finisher,0.164,0,6.8,0.0,2425,2627
6118,Portu,FW,understat,box finisher,0.099,0,6.5,0.0,2425+2526,2627
11633,Marc Guiu,FW,understat,box finisher,0.553,0,6.5,0.0,2526,2627
12383,Mohamed Bamba,FW,understat,box finisher,0.193,0,6.5,0.0,2526,2627
7091,Christian Kouamé,FW,understat,box finisher,0.531,0,6.2,0.0,2425,2627
9612,Myron Boadu,FW,understat,box finisher,0.221,0,6.2,0.0,2425,2627
12053,Mikkel Kaufmann,FW,understat,box finisher,0.329,0,6.2,0.0,2425+2526,2627
1790,Chuba Akpom,FW,understat,box finisher,0.521,1,6.0,0.43,2425+2627,2627
8014,Abdón Prats,FW,understat,box finisher,0.619,0,6.0,0.0,2425+2526,2627
11102,Adam Buksa,FW,understat,box finisher,0.543,0,6.0,0.0,2526,2627
11840,Jovan Milosevic,FW,understat,box finisher,0.719,0,6.0,0.0,2526,2627
11846,Tomás Cvancara,FW,understat,box finisher,0.429,0,6.0,0.0,2425,2627
14290,Pablo,FW,understat,box finisher,0.017,0,6.0,0.0,2526,2627
14431,Giorgi Kvilitaia,FW,understat,box finisher,0.291,0,6.0,0.0,2526,2627
14755,Jacobo Ortega,FW,understat,box finisher,0.074,6,6.0,0.82,2627,2627
897,Juanmi,FW,understat,box finisher,0.631,0,5.8,0.0,2425+2526,2627
10799,Ado Onaiwu,FW,understat,box finisher,0.389,0,5.8,0.0,2425,2627
713,André Ayew,FW,understat,box finisher,0.678,0,5.5,0.0,2425,2627
2433,Mamadou Sylla,FW,understat,box finisher,0.467,0,5.5,0.0,2425,2627
8657,Jeremy Le Douaron,FW,understat,box finisher,0.472,5,5.5,1.0,2425+2627,2627
8814,Carlo Boukhalfa,FW,understat,box finisher,0.356,0,5.5,0.0,2425,2627
8933,Marcos de Sousa,FW,understat,box finisher,0.571,0,5.5,0.0,2425,2627
12716,Tomás Conechny,FW,understat,box finisher,0.156,0,5.5,0.0,2425,2627
12810,Ibrahim Sissoko,FW,understat,box finisher,0.613,0,5.5,0.0,2425,2627
13326,Abdoulie Ceesay,FW,fc26,box finisher,0.572,0,5.5,0.0,2526,2627
13428,Marin Ljubicic,FW,understat,box finisher,0.399,4,5.5,0.23,2425+2526+2627,2627
13821,Urko Izeta,FW,understat,box finisher,0.032,0,5.5,0.0,2526,2627
14197,Ricky-Jade Jones,FW,understat,box finisher,0.341,0,5.5,0.0,2526,2627
3800,Steve Mounie,FW,understat,box finisher,0.701,0,5.2,0.0,2425,2627
6070,Moussa Sylla,FW,understat,box finisher,0.141,5,5.0,1.26,2627,2627
8145,Troy Parrott,FW,understat,box finisher,0.259,5,5.0,1.5,2627,2627
9227,Steffen Tigges,FW,understat,box finisher,0.049,5,5.0,0.25,2627,2627
9501,Fabio Carvalho,FW,understat,box finisher,0.218,1,5.0,0.55,2425+2526+2627,2627
11921,Filip Stojilkovic,FW,understat,box finisher,0.028,0,5.0,0.0,2526,2627
12935,Benedikt Pichler,FW,understat,box finisher,0.445,0,5.0,0.0,2425,2627
13018,Dani de Wit,FW,understat,box finisher,0.673,0,5.0,0.0,2425,2627
13368,Koka,FW,understat,box finisher,0.797,0,5.0,0.0,2425,2627
14363,Rémi Himbert,FW,understat,box finisher,0.417,0,5.0,0.0,2526,2627
14412,Nesta Elphege,FW,understat,box finisher,0.423,2,5.0,0.28,2526+2627,2627
14683,Robbie Ure,FW,understat,box finisher,0.375,5,5.0,0.57,2627,2627
14804,Simone Lontani,FW,understat,box finisher,0.093,5,5.0,0.66,2627,2627
14818,Dame Gueye,FW,understat,box finisher,0.586,5,5.0,1.7,2627,2627
15030,Ayase Ueda,FW,understat,box finisher,0.596,5,5.0,1.12,2627,2627
11541,Nico Paz,FW,understat,edge / second striker,0.178,17,105.0,1.09,2425+2526+2627,2627
1228,Bruno Fernandes,FW,understat,edge / second striker,0.415,16,82.5,2.4,2425+2526+2627,2627
7080,Matheus Cunha,FW,understat,edge / second striker,0.237,10,82.5,0.51,2425+2526+2627,2627
8026,Raphinha,FW,understat,edge / second striker,0.143,21,82.0,8.17,2425+2526+2627,2627
6857,Morgan Gibbs-White,FW,understat,edge / second striker,0.334,9,65.8,1.45,2425+2526+2627,2627
9490,Matthis Abline,FW,understat,edge / second striker,0.297,3,63.8,0.59,2425+2526+2627,2627
9788,Dominik Szoboszlai,FW,understat,edge / second striker,0.265,11,63.0,1.14,2425+2526+2627,2627
8706,Eberechi Eze,FW,understat,edge / second striker,0.385,1,58.0,0.04,2425+2526+2627,2627
11058,Julio Enciso,FW,understat,edge / second striker,0.286,14,57.5,1.1,2425+2526+2627,2627
8397,Florian Wirtz,FW,understat,edge / second striker,0.213,10,55.0,0.73,2425+2526+2627,2627
8292,Dani Olmo,FW,understat,edge / second striker,0.601,8,53.5,0.76,2425+2526+2627,2627
8393,Omar Marmoush,FW,understat,edge / second striker,0.136,7,53.5,0.61,2425+2526+2627,2627
5752,Alexis Claude Maurice,FW,understat,edge / second striker,0.321,3,53.2,0.12,2425+2526+2627,2627
13062,Mohammed Amoura,FW,understat,edge / second striker,0.023,2,51.0,0.16,2425+2526+2627,2627
1294,Paulo Dybala,FW,understat,edge / second striker,0.16,14,48.0,1.64,2425+2526+2627,2627
6055,Phil Foden,FW,understat,edge / second striker,0.391,6,47.0,1.56,2425+2526+2627,2627
10846,Julián Álvarez,FW,understat,edge / second striker,0.401,2,47.0,0.14,2425+2526+2627,2627
7313,Lee Kang-In,FW,understat,edge / second striker,0.003,18,46.8,1.45,2425+2526+2627,2627
11380,Vitinha,FW,understat,edge / second striker,0.146,6,46.8,0.33,2425+2526+2627,2627
12367,Gift Orban,FW,understat,edge / second striker,0.133,0,46.2,0.0,2425+2526,2627
8417,Álex Baena,FW,understat,edge / second striker,0.343,14,46.0,1.38,2425+2526+2627,2627
3475,Ludovic Blas,FW,understat,edge / second striker,0.119,8,45.8,1.2,2425+2526+2627,2627
12190,Arda Güler,FW,understat,edge / second striker,0.247,10,44.2,1.91,2425+2526+2627,2627
6686,Nicolo Zaniolo,FW,understat,edge / second striker,0.229,3,44.0,0.11,2425+2526+2627,2627
5081,Edu Expósito,FW,understat,edge / second striker,0.259,16,42.5,0.78,2425+2526+2627,2627
9812,Isi Palazón,FW,understat,edge / second striker,0.302,1,42.2,0.05,2425+2526+2627,2627
9069,Romano Schmid,FW,understat,edge / second striker,0.068,0,40.5,0.0,2425+2526,2627
10058,Maghnes Akliouche,FW,understat,edge / second striker,0.264,1,40.2,0.5,2425+2526+2627,2627
12863,Pedro Díaz,FW,understat,edge / second striker,0.26,10,39.8,0.34,2425+2526+2627,2627
11757,Hákon Haraldsson,FW,understat,edge / second striker,0.375,5,38.8,0.48,2425+2526+2627,2627
13888,Danny Namaso,FW,understat,edge / second striker,0.3,8,38.5,1.18,2526+2627,2627
2019,Federico Bonazzoli,FW,understat,edge / second striker,0.378,0,37.5,0.0,2526,2627
6276,Nikola Vlasic,FW,understat,edge / second striker,0.462,5,37.2,0.28,2425+2526+2627,2627
13364,Diego Gómez,FW,understat,edge / second striker,0.127,14,37.2,1.22,2425+2526+2627,2627
7528,Sergio Camello,FW,understat,edge / second striker,0.128,15,36.5,2.14,2425+2526+2627,2627
2335,Pablo Fornals,FW,understat,edge / second striker,0.512,9,36.2,0.56,2425+2526+2627,2627
7005,Jens Odgaard,FW,understat,edge / second striker,0.506,6,35.8,0.8,2425+2526+2627,2627
12924,Marco Grüll,FW,understat,edge / second striker,0.37,8,35.8,0.4,2425+2526+2627,2627
6937,Georginio Rutter,FW,understat,edge / second striker,0.091,2,35.5,0.07,2425+2526+2627,2627
10347,Pablo Pagis,FW,understat,edge / second striker,0.141,6,35.5,0.29,2526+2627,2627
12862,Luka Sucic,FW,understat,edge / second striker,0.295,13,35.2,0.91,2425+2526+2627,2627
9024,Yeremi Pino,FW,understat,edge / second striker,0.418,4,34.8,0.52,2425+2526+2627,2627
6846,Sofiane Diop,FW,understat,edge / second striker,0.385,2,34.5,0.42,2425+2526+2627,2627
4918,Patrick Cutrone,FW,understat,edge / second striker,0.016,4,33.8,0.77,2425+2526+2627,2627
10366,Albert Gudmundsson,FW,understat,edge / second striker,0.243,6,33.2,0.39,2425+2526+2627,2627
12983,Danel Sinani,FW,understat,edge / second striker,0.078,0,33.2,0.0,2425+2526,2627
2290,Iago Aspas,FW,understat,edge / second striker,0.271,6,33.0,0.58,2425+2526+2627,2627
447,Kevin De Bruyne,FW,understat,edge / second striker,0.475,5,32.8,0.71,2425+2526+2627,2627
8163,Daniel Maldini,FW,understat,edge / second striker,0.4,9,32.8,1.64,2425+2526+2627,2627
8777,Vitinha,FW,understat,edge / second striker,0.232,9,32.8,0.28,2425+2526+2627,2627
5266,Vincenzo Grifo,FW,understat,edge / second striker,0.256,1,32.5,0.04,2425+2526+2627,2627
10322,Javier Guerra,FW,understat,edge / second striker,0.388,5,32.2,0.27,2425+2526+2627,2627
9993,Jurgen Ekkelenkamp,FW,understat,edge / second striker,0.266,9,32.0,1.03,2425+2526+2627,2627
12884,Endrick,FW,understat,edge / second striker,0.249,1,31.5,0.12,2425+2526+2627,2627
7743,Pereira Lage,FW,understat,edge / second striker,0.477,0,30.5,0.0,2425+2526,2627
11007,Fábio Vieira,FW,understat,edge / second striker,0.392,1,30.5,0.03,2526+2627,2627
7747,Mama Baldé,FW,understat,edge / second striker,0.09,7,30.0,0.43,2425+2526+2627,2627
10248,Arijon Ibrahimovic,FW,understat,edge / second striker,0.428,6,30.0,0.32,2425+2526+2627,2627
10367,Tiago Tomás,FW,understat,edge / second striker,0.07,2,30.0,0.65,2425+2526+2627,2627
12038,Fabian Rieder,FW,understat,edge / second striker,0.272,5,29.5,0.19,2425+2526+2627,2627
8651,Enzo Le Fée,FW,understat,edge / second striker,0.139,10,29.0,1.82,2425+2526+2627,2627
8297,Alexis Saelemaekers,FW,understat,edge / second striker,0.526,1,28.8,0.12,2425+2526+2627,2627
8424,Aimar Oroz,FW,understat,edge / second striker,0.34,2,28.8,0.14,2425+2526+2627,2627
7882,Sheraldo Becker,FW,understat,edge / second striker,0.463,7,28.5,0.71,2425+2526+2627,2627
9730,Patrick Wimmer,FW,understat,edge / second striker,0.325,6,28.5,0.58,2425+2526+2627,2627
9969,Teun Koopmeiners,FW,understat,edge / second striker,0.502,4,28.5,0.15,2425+2526+2627,2627
2183,Rubén García,FW,understat,edge / second striker,0.368,6,28.2,0.27,2425+2526+2627,2627
8859,Mikkel Damsgaard,FW,understat,edge / second striker,0.416,4,27.8,0.14,2425+2526+2627,2627
10947,Ramón Terrats,FW,understat,edge / second striker,0.437,15,27.8,1.42,2425+2526+2627,2627
11604,Mert Kömür,FW,understat,edge / second striker,0.192,4,27.8,0.59,2425+2526+2627,2627
11790,Rassoul Ndiaye,FW,understat,edge / second striker,0.181,6,27.5,0.51,2425+2526+2627,2627
14131,Amine Sbaï,FW,understat,edge / second striker,0.174,10,27.0,0.56,2526+2627,2627
3536,Jean-Victor Makengo,FW,understat,edge / second striker,0.547,7,26.5,1.23,2526+2627,2627
7944,Gabriel Strefezza,FW,understat,edge / second striker,0.175,0,26.2,0.0,2425+2526,2627
8895,Tete Morente,FW,understat,edge / second striker,0.302,5,26.2,0.12,2425+2526+2627,2627
11504,Eli Junior Kroupi,FW,understat,edge / second striker,0.071,0,26.0,0.0,2526,2627
2478,Carlos Soler,FW,understat,edge / second striker,0.408,2,25.8,0.09,2425+2526+2627,2627
10792,Farès Chaïbi,FW,understat,edge / second striker,0.336,2,25.8,0.07,2425+2526+2627,2627
11349,Mario Martín,FW,understat,edge / second striker,0.316,6,25.8,0.52,2425+2526+2627,2627
7507,Gianluca Gaetano,FW,understat,edge / second striker,0.444,1,25.5,0.01,2425+2526+2627,2627
10975,Largie Ramazani,FW,understat,edge / second striker,0.411,0,25.5,0.0,2526,2627
11310,Brajan Gruda,FW,understat,edge / second striker,0.498,4,25.2,0.23,2425+2526+2627,2627
5727,Gauthier Hein,FW,understat,edge / second striker,0.089,3,25.0,0.13,2526+2627,2627
6227,Brais Méndez,FW,understat,edge / second striker,0.144,0,25.0,0.0,2425+2526,2627
9951,Tommaso Baldanzi,FW,understat,edge / second striker,0.378,9,24.0,0.72,2425+2526+2627,2627
10751,Brenden Aaronson,FW,understat,edge / second striker,0.5,1,24.0,0.02,2526+2627,2627
6986,Hamed Junior Traore,FW,understat,edge / second striker,0.189,0,23.8,0.0,2425+2526,2627
12345,Senny Mayulu,FW,understat,edge / second striker,0.147,0,23.8,0.0,2425+2526,2627
3721,Romain Del Castillo,FW,understat,edge / second striker,0.195,1,23.2,0.22,2425+2526+2627,2627
9466,Jon Ander Olasagasti,FW,understat,edge / second striker,0.593,6,23.2,0.66,2425+2526+2627,2627
11917,Mathias Honsak,FW,understat,edge / second striker,0.07,0,22.8,0.0,2425+2526,2627
11958,Gaetano Oristanio,FW,understat,edge / second striker,0.31,0,22.5,0.0,2425+2526,2627
6351,Robin Hack,FW,understat,edge / second striker,0.1,2,22.0,0.09,2425+2526+2627,2627
13934,Martin Baturina,FW,understat,edge / second striker,0.412,8,22.0,0.42,2526+2627,2627
7365,Lucas Paquetá,FW,understat,edge / second striker,0.505,0,21.8,0.0,2425+2526,2627
5058,Carles Aleñá,FW,understat,edge / second striker,0.487,2,21.5,0.1,2425+2526+2627,2627
8970,Sékou Mara,FW,understat,edge / second striker,0.208,0,21.2,0.0,2425+2526,2627
687,Pedro,FW,understat,edge / second striker,0.572,0,20.8,0.0,2425+2526,2627
8838,Junior Messias,FW,understat,edge / second striker,0.491,6,20.0,0.33,2425+2526+2627,2627
6427,Aitor Ruibal,FW,understat,edge / second striker,0.203,0,19.5,0.0,2425+2526,2627
9523,Andy Diouf,FW,understat,edge / second striker,0.105,3,19.5,0.12,2425+2526+2627,2627
3285,Gaetan Perrin,FW,understat,edge / second striker,0.011,1,19.2,0.1,2425+2526+2627,2627
6219,Enes Ünal,FW,understat,edge / second striker,0.207,7,19.2,0.97,2425+2526+2627,2627
11531,Unai Gómez,FW,understat,edge / second striker,0.159,3,19.2,0.25,2425+2526+2627,2627
14058,Cameron Puertas,FW,understat,edge / second striker,0.16,0,18.5,0.0,2526,2627
12742,Peque,FW,understat,edge / second striker,0.251,6,18.2,1.09,2425+2526+2627,2627
10923,Himad Abdelli,FW,understat,edge / second striker,0.421,1,18.0,0.02,2425+2526+2627,2627
11362,Facundo Buonanotte,FW,understat,edge / second striker,0.363,8,18.0,1.28,2425+2526+2627,2627
4329,Marvin Ducksch,FW,understat,edge / second striker,0.184,0,17.8,0.0,2425,2627
12993,David Neres,FW,understat,edge / second striker,0.084,2,17.8,0.39,2425+2526+2627,2627
7652,Zuriko Davitashvili,FW,understat,edge / second striker,0.361,0,17.5,0.0,2425,2627
11795,Yassine Kechta,FW,understat,edge / second striker,0.522,0,17.5,0.0,2425+2526,2627
5199,Raba,FW,understat,edge / second striker,0.337,1,16.5,0.02,2425+2526+2627,2627
13866,Ilyas Ansah,FW,understat,edge / second striker,0.45,0,16.5,0.0,2526,2627
10177,Evan Ferguson,FW,understat,edge / second striker,0.163,0,16.0,0.0,2425+2526,2627
10702,Johann Lepenant,FW,understat,edge / second striker,0.277,0,16.0,0.0,2425+2526,2627
13761,Filip Ugrinic,FW,understat,edge / second striker,0.41,6,16.0,0.28,2526+2627,2627
13883,Joel Chima Fujita,FW,understat,edge / second striker,0.274,0,16.0,0.0,2526,2627
11132,Ethan Nwaneri,FW,understat,edge / second striker,0.354,2,15.5,0.4,2425+2526+2627,2627
9011,Óscar Mingueza,FW,understat,edge / second striker,0.187,0,15.2,0.0,2425+2526,2627
9931,Lovro Majer,FW,understat,edge / second striker,0.217,0,15.2,0.0,2425+2526,2627
11855,Adrian Beck,FW,understat,edge / second striker,0.177,0,15.2,0.0,2425+2526,2627
12387,Dehmaine Assoumani,FW,understat,edge / second striker,0.241,0,15.2,0.0,2425+2526,2627
8165,Lucien Agoume,FW,understat,edge / second striker,0.317,5,15.0,0.13,2425+2526+2627,2627
10303,Jacopo Fazzini,FW,understat,edge / second striker,0.358,4,15.0,0.16,2425+2526+2627,2627
14459,Yassir Zabiri,FW,understat,edge / second striker,0.018,13,15.0,3.24,2526+2627,2627
8941,Jacob Ramsey,FW,understat,edge / second striker,0.221,2,14.8,0.15,2425+2526+2627,2627
13191,Assan Ouédraogo,FW,understat,edge / second striker,0.432,1,14.8,0.02,2425+2526+2627,2627
9556,William Osula,FW,understat,edge / second striker,0.361,2,14.5,0.06,2425+2526+2627,2627
3621,Neal Maupay,FW,understat,edge / second striker,0.054,1,14.2,0.06,2425+2526+2627,2627
6420,Romain Faivre,FW,understat,edge / second striker,0.185,4,14.2,0.2,2425+2526+2627,2627
8880,Matteo Tramoni,FW,understat,edge / second striker,0.014,0,14.0,0.0,2526,2627
9904,Gianluca Busio,FW,understat,edge / second striker,0.554,5,14.0,0.33,2425+2627,2627
12095,Tomás Suslov,FW,understat,edge / second striker,0.389,0,14.0,0.0,2425+2526,2627
13200,Fernando López,FW,understat,edge / second striker,0.424,0,14.0,0.0,2425+2526,2627
10822,Wilson Odobert,FW,understat,edge / second striker,0.333,0,13.8,0.0,2425+2526,2627
5355,Jacob Bruun Larsen,FW,understat,edge / second striker,0.478,0,13.5,0.0,2425+2526,2627
8690,Jean-Phillipe Krasso,FW,understat,edge / second striker,0.066,0,13.5,0.0,2526,2627
11216,Rodrigo Mendoza,FW,understat,edge / second striker,0.17,5,13.5,0.28,2526+2627,2627
11515,Tom Louchet,FW,understat,edge / second striker,0.526,0,13.5,0.0,2425+2526,2627
12880,Albert Grønbæk,FW,understat,edge / second striker,0.227,3,13.5,0.07,2425+2526+2627,2627
294,Gian-Luca Waldschmidt,FW,understat,edge / second striker,0.123,0,13.0,0.0,2526,2627
2537,Sandro Ramírez,FW,understat,edge / second striker,0.118,0,13.0,0.0,2425,2627
5595,Daniel James,FW,understat,edge / second striker,0.139,6,13.0,0.27,2526+2627,2627
10101,Carlos Martín,FW,understat,edge / second striker,0.028,2,13.0,0.12,2425+2526+2627,2627
13789,Adrián Liso,FW,understat,edge / second striker,0.237,0,13.0,0.0,2526,2627
14393,Thiago Fernández,FW,understat,edge / second striker,0.393,5,12.5,0.48,2526+2627,2627
7892,João Félix,FW,understat,edge / second striker,0.211,0,12.2,0.0,2425,2627
5110,Mariano,FW,understat,edge / second striker,0.365,9,12.0,1.59,2526+2627,2627
8684,Fodé Doucouré,FW,understat,edge / second striker,0.072,2,12.0,0.07,2526+2627,2627
13795,Dermane Karim,FW,understat,edge / second striker,0.18,4,12.0,0.25,2526+2627,2627
13823,Miguel Sierra,FW,understat,edge / second striker,0.096,10,12.0,0.41,2526+2627,2627
12904,Samuel Mbangula,FW,understat,edge / second striker,0.315,1,11.8,0.08,2425+2526+2627,2627
7064,Farid El Melali,FW,understat,edge / second striker,0.301,0,11.5,0.0,2425,2627
12982,Oladapo Afolayan,FW,understat,edge / second striker,0.236,0,11.5,0.0,2425+2526,2627
13730,Marcus Edwards,FW,understat,edge / second striker,0.095,0,11.5,0.0,2526,2627
6759,Juan Cruz,FW,understat,edge / second striker,0.206,3,11.2,0.05,2425+2627,2627
10057,Felix Lemarechal,FW,understat,edge / second striker,0.141,0,11.2,0.0,2425+2526,2627
13649,Claudio Echeverri,FW,understat,edge / second striker,0.344,0,11.0,0.0,2526,2627
14074,Javi Hernández,FW,understat,edge / second striker,0.515,11,11.0,0.73,2627,2627
8845,Hee-Chan Hwang,FW,understat,edge / second striker,0.224,0,10.8,0.0,2425+2526,2627
205,Mahmoud Dahoud,FW,understat,edge / second striker,0.429,0,10.2,0.0,2425+2526,2627
7529,Iván Martín,FW,understat,edge / second striker,0.403,1,10.2,0.07,2425+2526+2627,2627
8771,Yunus Musah,FW,understat,edge / second striker,0.158,1,10.0,0.6,2425+2526+2627,2627
10126,James McAtee,FW,understat,edge / second striker,0.445,5,10.0,0.14,2425+2526+2627,2627
9996,Abdou Harroui,FW,understat,edge / second striker,0.424,0,9.8,0.0,2425+2526,2627
1734,Sofiane Boufal,FW,understat,edge / second striker,0.276,0,9.5,0.0,2526,2627
12979,Connor Metcalfe,FW,understat,edge / second striker,0.37,0,9.5,0.0,2425+2526,2627
1433,Federico Chiesa,FW,understat,edge / second striker,0.111,0,9.2,0.0,2425+2526,2627
734,Wahbi Khazri,FW,understat,edge / second striker,0.407,0,9.0,0.0,2425,2627
6955,Ezequiel Ávila,FW,understat,edge / second striker,0.091,0,9.0,0.0,2425+2526,2627
11057,André Almeida,FW,understat,edge / second striker,0.606,0,9.0,0.0,2425+2526,2627
13840,Martim Neto,FW,understat,edge / second striker,0.178,3,9.0,0.12,2526+2627,2627
8017,Alex Kral,FW,understat,edge / second striker,0.177,0,8.8,0.0,2425+2526,2627
11331,Merlin Röhl,FW,understat,edge / second striker,0.143,0,8.5,0.0,2425+2526,2627
13930,Semih Kiliçsoy,FW,understat,edge / second striker,0.169,0,8.5,0.0,2526,2627
672,Jordan Ayew,FW,understat,edge / second striker,0.519,0,8.2,0.0,2425,2627
7841,Dani Rodríguez,FW,understat,edge / second striker,0.447,0,8.2,0.0,2425+2526,2627
6651,Grady Diangana,FW,understat,edge / second striker,0.462,0,8.0,0.0,2526,2627
7054,Steven Skrzybski,FW,understat,edge / second striker,0.36,0,8.0,0.0,2425,2627
8760,Arsen Zakharyan,FW,understat,edge / second striker,0.231,0,8.0,0.0,2425+2526,2627
13751,Isak Jansson,FW,understat,edge / second striker,0.497,0,8.0,0.0,2526,2627
6196,Nicolas Viola,FW,understat,edge / second striker,0.484,0,7.8,0.0,2425,2627
13612,Lanroy Machine,FW,understat,edge / second striker,0.257,0,7.8,0.0,2425+2526,2627
323,Adnan Januzaj,FW,understat,edge / second striker,0.508,0,7.5,0.0,2425+2526,2627
9226,Mihai Valentin Mihaila,FW,understat,edge / second striker,0.291,0,7.5,0.0,2425,2627
14407,Nathan Mbala,FW,understat,edge / second striker,0.382,0,7.5,0.0,2526,2627
1170,Gianluca Caprari,FW,understat,edge / second striker,0.418,0,7.2,0.0,2425,2627
9970,Antonio Sánchez,FW,understat,edge / second striker,0.496,0,7.2,0.0,2425+2526,2627
2198,Moi Gómez,FW,understat,edge / second striker,0.401,0,7.0,0.0,2425+2526,2627
10082,Hugo Gonzalez,FW,understat,edge / second striker,0.156,7,7.0,0.63,2627,2627
13835,Joël Piroe,FW,understat,edge / second striker,0.225,0,7.0,0.0,2526,2627
14708,Bil Nsongo,FW,understat,edge / second striker,0.11,7,7.0,0.41,2627,2627
5270,Gerrit Holtmann,FW,understat,edge / second striker,0.194,0,6.8,0.0,2425,2627
12424,Yorbe Vertessen,FW,understat,edge / second striker,0.57,0,6.8,0.0,2425,2627
12936,Alexander Bernhardsson,FW,understat,edge / second striker,0.555,0,6.8,0.0,2425,2627
10716,Manor Solomon,FW,understat,edge / second striker,0.099,0,6.5,0.0,2526,2627
13881,Noa Lang,FW,understat,edge / second striker,0.071,2,6.5,0.3,2526+2627,2627
14086,Alex Sancris,FW,understat,edge / second striker,0.419,0,6.5,0.0,2526,2627
10245,Paul Wanner,FW,understat,edge / second striker,0.293,0,6.2,0.0,2425,2627
6556,Moussa Diaby,FW,understat,edge / second striker,0.287,6,6.0,0.32,2627,2627
6750,Gonzalo Villar,FW,understat,edge / second striker,0.311,4,6.0,0.17,2526+2627,2627
14989,Konstantinos Karetsas,FW,understat,edge / second striker,0.46,6,6.0,0.41,2627,2627
8310,Mitchel Bakker,FW,understat,edge / second striker,0.459,0,5.8,0.0,2425,2627
11379,Selim Amallah,FW,understat,edge / second striker,0.583,0,5.8,0.0,2425,2627
2106,Munir,FW,understat,edge / second striker,0.631,0,5.2,0.0,2425,2627
6348,Jann-Fiete Arp,FW,understat,edge / second striker,0.459,0,5.2,0.0,2425,2627
10090,Iker Bravo,FW,understat,edge / second striker,0.383,0,5.2,0.0,2425+2526,2627
1106,Darko Lazovic,FW,understat,edge / second striker,0.181,0,5.0,0.0,2425,2627
3423,Kylian Mbappe-Lottin,FW,understat,left-channel winger,0.42,40,153.2,8.33,2425+2526+2627,2627
7008,Vinícius Júnior,FW,understat,left-channel winger,0.43,20,90.2,3.5,2425+2526+2627,2627
11363,Antoine Semenyo,FW,understat,left-channel winger,0.278,5,78.0,0.26,2425+2526+2627,2627
10408,Luis Díaz,FW,understat,left-channel winger,0.033,12,73.8,2.73,2425+2526+2627,2627
10815,Lassine Sinayoko,FW,understat,left-channel winger,0.121,12,73.8,3.41,2425+2526+2627,2627
12412,Morgan Rogers,FW,understat,left-channel winger,0.244,15,70.8,1.44,2425+2526+2627,2627
11296,Cody Gakpo,FW,understat,left-channel winger,0.536,8,65.8,0.41,2425+2526+2627,2627
11942,Kenan Yildiz,FW,understat,left-channel winger,0.446,2,65.8,0.13,2425+2526+2627,2627
7453,Khvicha Kvaratskhelia,FW,understat,left-channel winger,0.651,9,62.5,0.73,2425+2526+2627,2627
10095,Abdessamad Ezzalzouli,FW,understat,left-channel winger,0.515,4,56.0,0.58,2425+2526+2627,2627
11822,Fermín López,FW,understat,left-channel winger,0.139,11,55.2,2.79,2425+2526+2627,2627
5556,Ademola Lookman,FW,understat,left-channel winger,0.364,10,54.5,1.79,2425+2526+2627,2627
6697,Armand Lauriente,FW,understat,left-channel winger,0.247,19,54.5,1.72,2526+2627,2627
556,Marcus Rashford,FW,understat,left-channel winger,0.436,7,53.8,0.63,2425+2526+2627,2627
10016,Bradley Barcola,FW,understat,left-channel winger,0.215,1,52.5,0.32,2425+2526+2627,2627
6681,Harvey Barnes,FW,understat,left-channel winger,0.478,6,50.8,0.77,2425+2526+2627,2627
11783,Akor Adams,FW,understat,left-channel winger,0.25,12,49.5,1.06,2425+2526+2627,2627
12160,Alberto Moleiro,FW,understat,left-channel winger,0.189,9,49.0,1.56,2425+2526+2627,2627
7193,Rafael Leão,FW,understat,left-channel winger,0.5,0,48.2,0.0,2425+2526,2627
8150,Anthony Gordon,FW,understat,left-channel winger,0.337,9,47.8,1.55,2425+2526+2627,2627
13279,Víctor Muñoz,FW,understat,left-channel winger,0.395,7,47.8,0.48,2425+2526+2627,2627
7071,Álvaro García,FW,understat,left-channel winger,0.437,6,47.2,1.55,2425+2526+2627,2627
10832,Loïs Openda,FW,understat,left-channel winger,0.063,13,46.5,2.75,2425+2526+2627,2627
10431,Désiré Doué,FW,understat,left-channel winger,0.101,5,46.2,0.31,2425+2526+2627,2627
7700,Che Adams,FW,understat,left-channel winger,0.112,3,45.5,0.85,2425+2526+2627,2627
7698,Leandro Trossard,FW,understat,left-channel winger,0.185,0,44.5,0.0,2425+2526,2627
12941,Antonio Nusa,FW,understat,left-channel winger,0.293,8,44.5,0.42,2425+2526+2627,2627
11800,Arthur Atta,FW,understat,left-channel winger,0.266,9,44.0,1.05,2425+2526+2627,2627
6874,Yann Gboho,FW,understat,left-channel winger,0.515,2,43.5,0.34,2425+2526+2627,2627
13911,Said El Mala,FW,understat,left-channel winger,0.443,6,43.0,0.86,2526+2627,2627
1958,Mattia Zaccagni,FW,understat,left-channel winger,0.448,13,42.0,1.42,2425+2526+2627,2627
10772,Karim Adeyemi,FW,understat,left-channel winger,0.023,15,42.0,3.76,2425+2526+2627,2627
13701,Ilyas Chaira,FW,understat,left-channel winger,0.224,0,42.0,0.0,2526,2627
2589,Rafa Mir,FW,understat,left-channel winger,0.226,0,41.2,0.0,2425+2526,2627
500,Alex Iwobi,FW,understat,left-channel winger,0.196,4,40.5,0.25,2425+2526+2627,2627
5091,Alex Berenguer,FW,understat,left-channel winger,0.41,5,40.0,0.24,2425+2526+2627,2627
8066,Arnaut Danjuma Groeneveld,FW,understat,left-channel winger,0.546,13,40.0,0.97,2425+2526+2627,2627
13051,Matias Fernandez-Pardo,FW,understat,left-channel winger,0.535,0,39.8,0.0,2425+2526,2627
10172,Jonathan Rowe,FW,understat,left-channel winger,0.148,4,39.5,0.56,2425+2526+2627,2627
993,Serge Gnabry,FW,understat,left-channel winger,0.437,1,38.2,0.13,2425+2526+2627,2627
5682,Gonçalo Guedes,FW,understat,left-channel winger,0.024,8,37.8,0.7,2425+2526+2627,2627
13059,Jesús Rodriguez,FW,understat,left-channel winger,0.327,8,36.2,0.77,2425+2526+2627,2627
7500,Giacomo Raspadori,FW,understat,left-channel winger,0.419,8,36.0,0.41,2425+2526+2627,2627
10732,Jakub Kaminski,FW,understat,left-channel winger,0.472,0,34.8,0.0,2425+2526,2627
10746,Jaidon Anthony,FW,understat,left-channel winger,0.355,5,32.5,0.98,2526+2627,2627
9780,Mathys Tel,FW,understat,left-channel winger,0.46,6,31.8,0.25,2425+2526+2627,2627
12081,Assane Diao,FW,understat,left-channel winger,0.41,7,31.2,0.67,2425+2526+2627,2627
7169,Moses Simon,FW,understat,left-channel winger,0.428,3,31.0,0.37,2425+2526+2627,2627
9492,Crysencio Summerville,FW,understat,left-channel winger,0.614,0,30.5,0.0,2425+2526,2627
10806,Kaoru Mitoma,FW,understat,left-channel winger,0.501,0,30.2,0.0,2425+2526,2627
7308,Ander Barrenetxea,FW,understat,left-channel winger,0.646,6,29.8,0.25,2425+2526+2627,2627
13427,Bazoumana Touré,FW,understat,left-channel winger,0.399,1,29.8,0.09,2425+2526+2627,2627
11065,Remy Labeau Lascary,FW,understat,left-channel winger,0.334,9,29.5,0.99,2425+2526+2627,2627
11944,Patrick Dorgu,FW,understat,left-channel winger,0.594,5,29.0,0.91,2425+2526+2627,2627
8662,Dan Ndoye,FW,understat,left-channel winger,0.242,8,28.5,1.55,2425+2526+2627,2627
2897,Aleksandr Golovin,FW,understat,left-channel winger,0.297,5,28.0,0.52,2425+2526+2627,2627
3544,Jeremie Boga,FW,understat,left-channel winger,0.459,1,28.0,0.02,2425+2526+2627,2627
7810,Ruben Vargas,FW,understat,left-channel winger,0.3,1,28.0,0.09,2425+2526+2627,2627
10143,Bryan Zaragoza,FW,understat,left-channel winger,0.274,4,28.0,0.1,2425+2526+2627,2627
8015,Rodrygo,FW,understat,left-channel winger,0.264,0,27.0,0.0,2425+2526,2627
13739,Afonso Moreira,FW,understat,left-channel winger,0.453,7,27.0,0.67,2526+2627,2627
8981,Jéremy Doku,FW,understat,left-channel winger,0.495,0,26.8,0.0,2425+2526,2627
7148,Wilson Isidor,FW,understat,left-channel winger,0.237,5,26.5,1.11,2526+2627,2627
8328,Azz-Eddine Ounahi,FW,understat,left-channel winger,0.061,0,25.5,0.0,2526,2627
14023,Conrad Harder,FW,understat,left-channel winger,0.364,4,25.0,0.5,2526+2627,2627
11966,Noah Okafor,FW,understat,left-channel winger,0.326,4,24.8,0.17,2425+2526+2627,2627
12410,Joshua King,FW,understat,left-channel winger,0.2,11,24.8,0.89,2425+2526+2627,2627
8989,Ansgar Knauff,FW,understat,left-channel winger,0.051,0,24.5,0.0,2425+2526,2627
6456,Callum Hudson-Odoi,FW,understat,left-channel winger,0.478,0,24.2,0.0,2425+2526,2627
10952,Joel Roca,FW,understat,left-channel winger,0.55,0,24.0,0.0,2526,2627
7576,Nicolò Cambiaghi,FW,understat,left-channel winger,0.429,8,23.5,0.42,2425+2526+2627,2627
11825,Abderrahmane Rebbach,FW,understat,left-channel winger,0.343,5,23.5,0.16,2425+2526+2627,2627
7628,Lameck Banda,FW,understat,left-channel winger,0.232,0,23.2,0.0,2425+2526,2627
8002,Rodrigo Riquelme,FW,understat,left-channel winger,0.461,7,22.5,1.09,2425+2526+2627,2627
11710,Simon Adingra,FW,understat,left-channel winger,0.71,0,22.5,0.0,2425+2526,2627
14427,Alisson Santos,FW,understat,left-channel winger,0.351,8,22.5,0.23,2526+2627,2627
7338,Bryan Gil Salvatierra,FW,understat,left-channel winger,0.283,0,21.5,0.0,2425+2526,2627
10796,Zakaria Aboukhlal,FW,understat,left-channel winger,0.026,2,21.2,0.32,2425+2526+2627,2627
11755,Keito Nakamura,FW,understat,left-channel winger,0.127,0,21.2,0.0,2425,2627
9241,Alfon,FW,understat,left-channel winger,0.049,0,20.2,0.0,2425+2526,2627
12336,Malick Fofana,FW,understat,left-channel winger,0.484,3,20.2,0.26,2425+2526+2627,2627
9630,Kamaldeen Sulemana,FW,understat,left-channel winger,0.58,0,19.8,0.0,2425+2526,2627
8456,Nathan Tella,FW,understat,left-channel winger,0.414,0,19.0,0.0,2425+2526,2627
7912,Eljif Elmas,FW,understat,left-channel winger,0.128,0,18.5,0.0,2425+2526,2627
8694,Chidera Ejuke,FW,understat,left-channel winger,0.237,2,18.5,0.32,2425+2526+2627,2627
14024,Adam Daghim,FW,understat,left-channel winger,0.104,5,18.5,0.2,2526+2627,2627
8584,Raul Moro,FW,understat,left-channel winger,0.397,4,18.2,0.3,2425+2526+2627,2627
10542,Jamie Bynoe-Gittens,FW,understat,left-channel winger,0.59,0,18.0,0.0,2425+2526,2627
10926,Tim Skarke,FW,understat,left-channel winger,0.243,6,18.0,1.69,2425+2526+2627,2627
675,Jack Grealish,FW,understat,left-channel winger,0.407,1,17.8,0.02,2425+2526+2627,2627
8230,German Valera,FW,understat,left-channel winger,0.509,3,17.8,0.34,2425+2526+2627,2627
10830,Jean Négoce,FW,understat,left-channel winger,0.506,0,17.0,0.0,2425+2526,2627
13615,Oso,FW,understat,left-channel winger,0.043,8,16.5,0.63,2526+2627,2627
13358,Thiago Almada,FW,understat,left-channel winger,0.205,0,16.2,0.0,2425+2526,2627
1252,Stephan El Shaarawy,FW,understat,left-channel winger,0.288,0,16.0,0.0,2425+2526,2627
12733,Ibrahim Mbaye,FW,understat,left-channel winger,0.046,1,16.0,0.02,2425+2526+2627,2627
13991,Jan Virgili,FW,understat,left-channel winger,0.294,0,16.0,0.0,2526,2627
6421,Brahim Diaz,FW,understat,left-channel winger,0.023,1,15.5,0.14,2425+2526+2627,2627
13061,Benjamín Domínguez,FW,understat,left-channel winger,0.325,2,15.5,0.07,2425+2526+2627,2627
11350,Amin Sarr,FW,understat,left-channel winger,0.008,0,15.2,0.0,2425+2526,2627
12847,Sidiki Chérif,FW,understat,left-channel winger,0.602,0,15.2,0.0,2425+2526,2627
10620,Luca Koleosho,FW,understat,left-channel winger,0.464,6,15.0,0.72,2526+2627,2627
13919,Jens Castrop,FW,understat,left-channel winger,0.412,0,15.0,0.0,2526,2627
6656,Sergio Gómez,FW,understat,left-channel winger,0.359,4,14.5,0.18,2425+2526+2627,2627
453,Son Heung-Min,FW,understat,left-channel winger,0.578,0,14.2,0.0,2425,2627
13386,Jacob Ondrejka,FW,understat,left-channel winger,0.374,0,13.5,0.0,2425+2526,2627
5969,Jean-Luc Dompe,FW,understat,left-channel winger,0.343,0,12.5,0.0,2526,2627
13717,Chemsdine Talbi,FW,understat,left-channel winger,0.349,0,12.5,0.0,2526,2627
12756,Rodrigo Gomes,FW,understat,left-channel winger,0.329,0,12.2,0.0,2425+2526,2627
12986,Léo Scienza,FW,understat,left-channel winger,0.117,0,11.5,0.0,2425+2526,2627
13813,Giorgi Abuashvili,FW,understat,left-channel winger,0.244,0,11.5,0.0,2526,2627
13792,Ibrahim Osman,FW,understat,left-channel winger,0.538,2,11.0,0.14,2526+2627,2627
11318,Abner,FW,understat,left-channel winger,0.523,0,10.2,0.0,2425+2526,2627
14177,Livan Burcu,FW,understat,left-channel winger,0.522,2,10.0,0.06,2526+2627,2627
12365,Alieu Njie,FW,understat,left-channel winger,0.338,5,9.8,1.18,2425+2526+2627,2627
12980,Elias Saad,FW,understat,left-channel winger,0.396,0,9.5,0.0,2425+2526,2627
2166,Adrián Embarba,FW,understat,left-channel winger,0.103,0,9.2,0.0,2425,2627
3786,Mathieu Cafaro,FW,understat,left-channel winger,0.19,0,9.2,0.0,2425+2526,2627
12844,Bahereba Guirassy,FW,understat,left-channel winger,0.248,0,9.2,0.0,2425+2526,2627
1089,Juan Cuadrado,FW,understat,left-channel winger,0.475,0,9.0,0.0,2425+2526,2627
11703,Anass Zaroury,FW,understat,left-channel winger,0.469,0,8.8,0.0,2425,2627
14123,Wael Mohya,FW,understat,left-channel winger,0.583,3,8.5,0.28,2526+2627,2627
12896,Chuki,FW,understat,left-channel winger,0.028,4,8.0,0.18,2425+2627,2627
14937,Ismael Saibari,FW,understat,left-channel winger,0.365,8,8.0,1.33,2627,2627
2699,Finn Porath,FW,understat,left-channel winger,0.258,0,7.2,0.0,2425,2627
13770,Paco Cortés,FW,understat,left-channel winger,0.203,1,7.0,0.07,2526+2627,2627
13928,Otto Stange,FW,understat,left-channel winger,0.503,2,6.5,0.02,2526+2627,2627
5700,Yann Karamoh,FW,understat,left-channel winger,0.647,0,6.2,0.0,2425,2627
2186,Morales,FW,understat,left-channel winger,0.008,0,5.5,0.0,2526,2627
11343,Gabriel Suazo,FW,understat,left-channel winger,0.17,1,5.2,0.01,2425+2526+2627,2627
531,Michail Antonio,FW,understat,low-volume FW,0.256,0,4.8,0.0,2425,2627
5258,László Bénes,FW,understat,low-volume FW,0.58,0,4.8,0.0,2425,2627
9732,Noah Weißhaupt,FW,understat,low-volume FW,0.2,0,4.8,0.0,2425,2627
12039,Bertug Yildirim,FW,understat,low-volume FW,0.692,0,4.8,0.0,2425,2627
12105,Alejo Véliz,FW,understat,low-volume FW,0.526,0,4.8,0.0,2425,2627
13172,Adrian Benedyczak,FW,understat,low-volume FW,0.452,0,4.8,0.0,2425+2526,2627
422,Mario Götze,FW,understat,low-volume FW,0.199,0,4.5,0.0,2425+2526,2627
10388,Luka Ilic,FW,understat,low-volume FW,0.355,0,4.5,0.0,2526,2627
10893,Christian Gytkjær,FW,understat,low-volume FW,0.54,0,4.5,0.0,2425,2627
11613,Mamadou Diakhon,FW,understat,low-volume FW,0.313,0,4.5,0.0,2425,2627
12717,Stoichkov,FW,understat,low-volume FW,0.434,0,4.5,0.0,2425,2627
12738,Manu Fuster,FW,understat,low-volume FW,0.541,0,4.5,0.0,2425,2627
13289,David Mokwa,FW,understat,low-volume FW,0.511,4,4.5,1.23,2425+2627,2627
14036,Fabio Baldé,FW,understat,low-volume FW,0.023,0,4.5,0.0,2526,2627
14351,Rafiu Durosinmi,FW,understat,low-volume FW,0.491,0,4.5,0.0,2526,2627
2199,Pablo Sarabia,FW,understat,low-volume FW,0.394,0,4.2,0.0,2425,2627
2519,Tejero,FW,understat,low-volume FW,0.443,0,4.2,0.0,2425,2627
3530,Andy Delort,FW,understat,low-volume FW,0.447,0,4.2,0.0,2425,2627
3585,Said Benrahma,FW,understat,low-volume FW,0.165,0,4.2,0.0,2425,2627
5173,Asier Villalibre,FW,understat,low-volume FW,0.659,2,4.2,0.47,2425+2627,2627
7009,Jaime Mata,FW,understat,low-volume FW,0.479,0,4.2,0.0,2425,2627
10819,Khalil Fayad,FW,understat,low-volume FW,0.483,0,4.2,0.0,2425,2627
1129,Suso,FW,understat,low-volume FW,0.125,0,4.0,0.0,2425,2627
1648,Emmanuel Latte Lath,FW,understat,low-volume FW,0.271,4,4.0,0.36,2627,2627
5231,Florian Kainz,FW,understat,low-volume FW,0.4,0,4.0,0.0,2526,2627
7541,Timothee Nkada,FW,shot-profile,low-volume FW,0.273,4,4.0,0.16,2627,2627
8686,Cheick Tidiane Sabaly,FW,understat,low-volume FW,0.213,0,4.0,0.0,2526,2627
9762,Milutin Osmajic,FW,understat,low-volume FW,0.451,4,4.0,0.61,2627,2627
9905,David Okereke,FW,understat,low-volume FW,0.271,0,4.0,0.0,2526,2627
12006,Jesper Karlsson,FW,understat,low-volume FW,0.206,0,4.0,0.0,2425,2627
12303,Farès Ghedjemis,FW,understat,low-volume FW,0.481,4,4.0,0.27,2627,2627
12750,Conor Chaplin,FW,understat,low-volume FW,0.277,0,4.0,0.0,2425,2627
13954,Álex Forés,FW,understat,low-volume FW,0.159,0,4.0,0.0,2526,2627
14241,Kenny Quetant,FW,understat,low-volume FW,0.163,0,4.0,0.0,2526,2627
14342,Petar Ratkov,FW,understat,low-volume FW,0.488,1,4.0,0.1,2526+2627,2627
14709,Zakaria Eddahchouri,FW,fc26,low-volume FW,0.47,4,4.0,0.16,2627,2627
14878,Albion Rrahmani,FW,understat,low-volume FW,0.017,4,4.0,0.18,2627,2627
14959,Stefano Marino,FW,understat,low-volume FW,0.26,4,4.0,0.26,2627,2627
1136,Gianluca Lapadula,FW,understat,low-volume FW,0.485,0,3.8,0.0,2425,2627
1678,Michy Batshuayi,FW,understat,low-volume FW,0.446,0,3.8,0.0,2425+2526,2627
4169,Iván Sánchez,FW,understat,low-volume FW,0.302,0,3.8,0.0,2425,2627
7203,Drissa Camara,FW,understat,low-volume FW,0.243,0,3.8,0.0,2425,2627
11371,Ibrahim Salah,FW,understat,low-volume FW,0.525,0,3.8,0.0,2425+2526,2627
11906,Emmanuel Sabbi,FW,understat,low-volume FW,0.299,0,3.8,0.0,2425,2627
13001,Álvaro Djaló,FW,understat,low-volume FW,0.027,0,3.8,0.0,2425,2627
865,Marko Arnautovic,FW,understat,low-volume FW,0.635,0,3.5,0.0,2425,2627
986,Danny Ings,FW,understat,low-volume FW,0.141,0,3.5,0.0,2425,2627
1210,Keita,FW,understat,low-volume FW,0.134,0,3.5,0.0,2425,2627
1809,Joaquín Correa,FW,understat,low-volume FW,0.08,0,3.5,0.0,2425,2627
7424,Alex Sola,FW,understat,low-volume FW,0.121,0,3.5,0.0,2425,2627
8563,George Hirst,FW,understat,low-volume FW,0.595,0,3.5,0.0,2425,2627
10953,Pau Victor,FW,understat,low-volume FW,0.253,0,3.5,0.0,2425,2627
11092,Mërgim Berisha,FW,understat,low-volume FW,0.017,0,3.5,0.0,2425,2627
11411,Damion Downs,FW,understat,low-volume FW,0.007,0,3.5,0.0,2526,2627
12780,Mehdi Taremi,FW,understat,low-volume FW,0.334,0,3.5,0.0,2425,2627
12883,Marc Domenech,FW,understat,low-volume FW,0.473,0,3.5,0.0,2425+2526,2627
12995,Bojan Miovski,FW,understat,low-volume FW,0.66,0,3.5,0.0,2425,2627
13392,Andrés García,FW,understat,low-volume FW,0.124,3,3.5,0.09,2425+2627,2627
14264,Yael Trepy,FW,shot-profile,low-volume FW,0.104,0,3.5,0.0,2526,2627
14423,Philip Otele,FW,understat,low-volume FW,0.033,0,3.5,0.0,2526,2627
14481,Salim Musah,FW,understat,low-volume FW,0.106,0,3.5,0.0,2526,2627
1852,Ante Rebic,FW,understat,low-volume FW,0.247,0,3.2,0.0,2425,2627
3749,Jonathan Bamba,FW,understat,low-volume FW,0.093,0,3.2,0.0,2425,2627
8774,Dani Gómez,FW,understat,low-volume FW,0.357,0,3.2,0.0,2425,2627
11066,Yaya Fofana,FW,understat,low-volume FW,0.245,0,3.2,0.0,2425,2627
12340,Omari Forson,FW,understat,low-volume FW,0.479,2,3.2,0.14,2425+2627,2627
12843,Sorba Thomas,FW,understat,low-volume FW,0.48,1,3.2,0.02,2425+2627,2627
12856,Dailon Livramento,FW,understat,low-volume FW,0.353,0,3.2,0.0,2425,2627
13065,Koji Miyoshi,FW,understat,low-volume FW,0.108,0,3.2,0.0,2425,2627
2057,Ezequiel Ponce,FW,understat,low-volume FW,0.006,3,3.0,0.19,2627,2627
5587,Josh Maja,FW,understat,low-volume FW,0.247,3,3.0,0.41,2627,2627
7960,Florian Aye,FW,understat,low-volume FW,0.188,0,3.0,0.0,2425,2627
9250,Reda Khadra,FW,understat,low-volume FW,0.565,0,3.0,0.0,2526,2627
9806,Ricardo Mangas,FW,understat,low-volume FW,0.213,3,3.0,1.12,2627,2627
12000,Ibou Sané,FW,understat,low-volume FW,0.484,0,3.0,0.0,2526,2627
12959,Ibrahima Wadji,FW,understat,low-volume FW,0.134,0,3.0,0.0,2425,2627
13560,Iván Azón,FW,understat,low-volume FW,0.144,3,3.0,0.13,2627,2627
13736,Khalis Merah,FW,understat,low-volume FW,0.146,0,3.0,0.0,2526,2627
13743,Godson Kyeremeh,FW,understat,low-volume FW,0.022,0,3.0,0.0,2526,2627
13828,Amady Camara,FW,understat,low-volume FW,0.362,0,3.0,0.0,2526,2627
13880,Luca Moro,FW,understat,low-volume FW,0.58,0,3.0,0.0,2526,2627
14867,Sota Nakamura,FW,understat,low-volume FW,0.11,3,3.0,0.12,2627,2627
14932,Mika Godts,FW,fc26,low-volume FW,0.011,3,3.0,0.14,2627,2627
2012,Nicholas Pierini,FW,fc26,low-volume FW,0.528,0,2.8,0.0,2425+2526,2627
5212,Sergi Guardiola,FW,understat,low-volume FW,0.672,0,2.8,0.0,2425,2627
6228,Luka Jovic,FW,understat,low-volume FW,0.594,0,2.8,0.0,2425,2627
6918,Anuar Mohamed,FW,understat,low-volume FW,0.412,0,2.8,0.0,2425,2627
9804,Gavi,FW,understat,low-volume FW,0.095,0,2.8,0.0,2425,2627
10894,Patrick Ciurria,FW,understat,low-volume FW,0.559,0,2.8,0.0,2425,2627
11794,Antoine Joujou,FW,understat,low-volume FW,0.179,0,2.8,0.0,2425,2627
11815,Ben Brereton Díaz,FW,understat,low-volume FW,0.004,0,2.8,0.0,2425,2627
11849,Maximilian Breunig,FW,understat,low-volume FW,0.349,0,2.8,0.0,2425,2627
12809,Ben Old,FW,understat,low-volume FW,0.141,0,2.8,0.0,2425,2627
13294,García Pascual,FW,understat,low-volume FW,0.337,0,2.8,0.0,2425,2627
13397,Nicolas Pays,FW,understat,low-volume FW,0.015,0,2.8,0.0,2425,2627
618,Raheem Sterling,FW,understat,low-volume FW,0.256,0,2.5,0.0,2425,2627
5075,Rubén Peña,FW,understat,low-volume FW,0.097,0,2.5,0.0,2425,2627
6271,Ihlas Bebou,FW,understat,low-volume FW,0.012,0,2.5,0.0,2526,2627
9646,Mohamed Bayo,FW,understat,low-volume FW,0.164,0,2.5,0.0,2425,2627
9882,Dennis Johnsen,FW,understat,low-volume FW,0.214,0,2.5,0.0,2526,2627
12335,Steve Ngoura,FW,understat,low-volume FW,0.44,0,2.5,0.0,2425,2627
13267,Arkaitz Mariezkurrena,FW,understat,low-volume FW,0.127,0,2.5,0.0,2425,2627
13744,Felix Mambimbi,FW,understat,low-volume FW,0.354,0,2.5,0.0,2526,2627
13764,Calebe,FW,understat,low-volume FW,0.053,0,2.5,0.0,2526,2627
13802,Nouha Dicko,FW,fc26,low-volume FW,0.391,0,2.5,0.0,2526,2627
14403,Sandro Kulenovic,FW,understat,low-volume FW,0.242,0,2.5,0.0,2526,2627
620,Kelechi Iheanacho,FW,understat,low-volume FW,0.05,0,2.2,0.0,2425,2627
8759,David Pereira Da Costa,FW,understat,low-volume FW,0.089,0,2.2,0.0,2425,2627
9503,Kacper Urbanski,FW,understat,low-volume FW,0.067,0,2.2,0.0,2425,2627
9509,Daniel Jebbison,FW,fc26,low-volume FW,0.49,1,2.2,0.08,2425+2627,2627
10827,Amine Salama,FW,understat,low-volume FW,0.073,0,2.2,0.0,2425,2627
11842,Lukas Daschner,FW,understat,low-volume FW,0.25,0,2.2,0.0,2425,2627
13030,Gabriel Charpentier,FW,fc26,low-volume FW,0.207,0,2.2,0.0,2425,2627
13060,Ross Stewart,FW,understat,low-volume FW,0.436,0,2.2,0.0,2425,2627
65,Timo Werner,FW,understat,low-volume FW,0.325,0,2.0,0.0,2425,2627
1253,Edin Dzeko,FW,understat,low-volume FW,0.214,0,2.0,0.0,2526,2627
1754,Joel Asoro,FW,understat,low-volume FW,0.188,0,2.0,0.0,2526,2627
3276,Rachid Ghezzal,FW,understat,low-volume FW,0.235,0,2.0,0.0,2526,2627
3918,Ivan Prtajin,FW,understat,low-volume FW,0.218,0,2.0,0.0,2425,2627
4932,Pietro Pellegri,FW,understat,low-volume FW,0.063,0,2.0,0.0,2425,2627
7649,Younes Namli,FW,understat,low-volume FW,0.078,0,2.0,0.0,2526,2627
8702,Tinotenda Kadewere,FW,understat,low-volume FW,0.038,0,2.0,0.0,2425,2627
9712,Kevin Behrens,FW,understat,low-volume FW,0.203,0,2.0,0.0,2425,2627
10125,Ibrahima Baldé,FW,understat,low-volume FW,0.128,2,2.0,0.24,2627,2627
10395,Kevin Paredes,FW,understat,low-volume FW,0.268,0,2.0,0.0,2425+2526,2627
10427,Bambasé Conté,FW,understat,low-volume FW,0.057,2,2.0,0.42,2627,2627
11847,Grant-Leon Ranos,FW,fc26,low-volume FW,0.272,0,2.0,0.0,2526,2627
12185,Kandet Diawara,FW,understat,low-volume FW,0.103,2,2.0,0.04,2627,2627
12257,Rayane Belaid,FW,understat,low-volume FW,0.302,0,2.0,0.0,2526,2627
12425,Faris Moumbagna,FW,understat,low-volume FW,0.624,1,2.0,0.59,2526+2627,2627
12477,Ronaldo,FW,understat,low-volume FW,0.013,2,2.0,0.4,2627,2627
13385,Zabi Gueu,FW,shot-profile,low-volume FW,0.402,2,2.0,1.2,2627,2627
13448,Daniel Fila,FW,understat,low-volume FW,0.042,0,2.0,0.0,2425,2627
13505,Alejo Sarco,FW,fc26,low-volume FW,0.275,0,2.0,0.0,2526,2627
13827,Yassine Benhattab,FW,understat,low-volume FW,0.378,0,2.0,0.0,2526,2627
14005,Ioan Vermesan,FW,shot-profile,low-volume FW,0.022,0,2.0,0.0,2526,2627
14028,Stefanos Tzimas,FW,understat,low-volume FW,0.514,0,2.0,0.0,2526,2627
14159,Tadjidine Mmadi,FW,shot-profile,low-volume FW,0.068,1,2.0,0.1,2526+2627,2627
14229,Noam Obougou,FW,shot-profile,low-volume FW,0.136,0,2.0,0.0,2526,2627
14500,Andrés Antañón,FW,understat,low-volume FW,0.129,1,2.0,0.13,2526+2627,2627
14813,Souleymane Faye,FW,shot-profile,low-volume FW,0.067,2,2.0,0.15,2627,2627
14990,Giannis Konstantelias,FW,understat,low-volume FW,0.087,2,2.0,0.19,2627,2627
15033,Couhaib Driouech,FW,fc26,low-volume FW,0.276,2,2.0,0.06,2627,2627
700,Willian,FW,understat,low-volume FW,0.483,0,1.8,0.0,2425,2627
3208,Óscar Trejo,FW,understat,low-volume FW,0.003,0,1.8,0.0,2425+2526,2627
3667,Nabil Fekir,FW,understat,low-volume FW,0.132,0,1.8,0.0,2425,2627
6827,Bobby Reid,FW,understat,low-volume FW,0.13,0,1.8,0.0,2425,2627
11498,Mirko Maric,FW,understat,low-volume FW,0.202,0,1.8,0.0,2425,2627
12342,Brenner,FW,understat,low-volume FW,0.178,0,1.8,0.0,2425,2627
13311,Djylian N&#039;Guessan,FW,understat,low-volume FW,0.448,1,1.8,0.05,2425+2627,2627
13312,Hafiz Ibrahim,FW,understat,low-volume FW,0.128,0,1.8,0.0,2425,2627
5677,Florent Mollet,FW,understat,low-volume FW,0.161,0,1.5,0.0,2425,2627
6470,José Arnáiz,FW,understat,low-volume FW,0.127,0,1.5,0.0,2425,2627
7420,Miguel Almirón,FW,understat,low-volume FW,0.049,0,1.5,0.0,2425,2627
7765,Thomas Delaine,FW,understat,low-volume FW,0.305,0,1.5,0.0,2526,2627
9133,Youssoufa Moukoko,FW,understat,low-volume FW,0.211,0,1.5,0.0,2425,2627
11295,David Datro Fofana,FW,understat,low-volume FW,0.498,0,1.5,0.0,2526,2627
11701,Zeki Amdouni,FW,understat,low-volume FW,0.11,0,1.5,0.0,2526,2627
12134,Moritz-Broni Kwarteng,FW,understat,low-volume FW,0.369,0,1.5,0.0,2425,2627
12183,Jeremy Sebas,FW,understat,low-volume FW,0.055,0,1.5,0.0,2425,2627
12722,Gabriel Misehouy,FW,understat,low-volume FW,0.023,0,1.5,0.0,2425,2627
13281,Bernard Nguene,FW,fc26,low-volume FW,0.115,0,1.5,0.0,2526,2627
13398,Jeremy Agbonifo,FW,understat,low-volume FW,0.07,0,1.5,0.0,2425,2627
13435,Kazeem Olaigbe,FW,understat,low-volume FW,0.222,0,1.5,0.0,2425,2627
13810,Brian Madjo,FW,understat,low-volume FW,0.351,0,1.5,0.0,2526,2627
13932,Riccardo Braschi,FW,understat,low-volume FW,0.107,0,1.5,0.0,2526,2627
14033,Mayckel Lahdo,FW,understat,low-volume FW,0.147,0,1.5,0.0,2526,2627
14046,Lorran,FW,shot-profile,low-volume FW,0.125,0,1.5,0.0,2526,2627
14098,Pape Cabral,FW,shot-profile,low-volume FW,0.127,0,1.5,0.0,2526,2627
14109,Dmytro Bogdanov,FW,shot-profile,low-volume FW,0.275,0,1.5,0.0,2526,2627
14451,Christian Conteh,FW,understat,low-volume FW,0.443,0,1.5,0.0,2526,2627
14586,Cubo,FW,shot-profile,low-volume FW,0.084,0,1.5,0.0,2526,2627
2532,Amath Diedhiou,FW,understat,low-volume FW,0.198,0,1.2,0.0,2425,2627
8863,Marvin Park,FW,understat,low-volume FW,0.079,0,1.2,0.0,2425,2627
9826,Axel Camblan,FW,fc26,low-volume FW,0.396,1,1.2,0.07,2425+2627,2627
11254,Ilyes Housni,FW,understat,low-volume FW,0.233,0,1.2,0.0,2425,2627
11494,Justin-Noel Kalumba,FW,understat,low-volume FW,0.252,0,1.2,0.0,2425+2526,2627
12411,Junior Ndiaye,FW,understat,low-volume FW,0.124,0,1.2,0.0,2425,2627
12909,Alessandro Gabrielloni,FW,fc26,low-volume FW,0.151,0,1.2,0.0,2425,2627
13322,Erencan Yardimci,FW,understat,low-volume FW,0.535,0,1.2,0.0,2425,2627
13440,Meschack Elia,FW,understat,low-volume FW,0.188,0,1.2,0.0,2425,2627
13466,Chido Obi-Martin,FW,understat,low-volume FW,0.216,0,1.2,0.0,2425,2627
359,Timothy Chandler,FW,shot-profile,low-volume FW,0.232,1,1.0,0.04,2627,2627
757,Jeffrey Schlupp,FW,understat,low-volume FW,0.254,0,1.0,0.0,2425,2627
1109,Lucas Ocampos,FW,understat,low-volume FW,0.313,0,1.0,0.0,2425,2627
1493,Andrea Petagna,FW,understat,low-volume FW,0.035,0,1.0,0.0,2425,2627
1583,Arkadiusz Milik,FW,understat,low-volume FW,0.178,0,1.0,0.0,2526,2627
1598,Manuel De Luca,FW,fc26,low-volume FW,0.034,0,1.0,0.0,2526,2627
2854,Daler Kuzyaev,FW,understat,low-volume FW,0.055,0,1.0,0.0,2425,2627
4422,Ashley Barnes,FW,fc26,low-volume FW,0.404,0,1.0,0.0,2526,2627
4906,Alberto Cerri,FW,understat,low-volume FW,0.272,0,1.0,0.0,2425,2627
5159,Marc Cardona,FW,understat,low-volume FW,0.106,0,1.0,0.0,2425,2627
6144,Sébastien Haller,FW,understat,low-volume FW,0.285,0,1.0,0.0,2425,2627
8582,Ellis Simms,FW,understat,low-volume FW,0.236,1,1.0,0.49,2627,2627
9707,Silvère Ganvoula,FW,understat,low-volume FW,0.199,0,1.0,0.0,2425,2627
9954,Cedric Itten,FW,fc26,low-volume FW,0.183,1,1.0,0.06,2627,2627
10325,Juan Carlos Arana,FW,understat,low-volume FW,0.262,1,1.0,0.22,2627,2627
11091,Veljko Birmancevic,FW,understat,low-volume FW,0.451,0,1.0,0.0,2526,2627
11289,Ola Solbakken,FW,understat,low-volume FW,0.141,0,1.0,0.0,2425,2627
11381,Dawda Camara,FW,understat,low-volume FW,0.351,0,1.0,0.0,2526,2627
12052,Aliou Balde,FW,fc26,low-volume FW,0.226,0,1.0,0.0,2425,2627
12334,Kingstone Mutandwa,FW,fc26,low-volume FW,0.215,0,1.0,0.0,2425,2627
12751,Ali Al-Hamadi,FW,shot-profile,low-volume FW,0.033,0,1.0,0.0,2425,2627
13023,Luciano Gondou,FW,understat,low-volume FW,0.419,1,1.0,0.05,2627,2627
13035,Daniel Requena,FW,understat,low-volume FW,0.282,1,1.0,0.01,2627,2627
13076,Aristide Zossou,FW,understat,low-volume FW,0.418,1,1.0,0.06,2627,2627
13220,Tom Edozie,FW,shot-profile,low-volume FW,0.084,0,1.0,0.0,2526,2627
13926,Alexander Røssing-Lelesiit,FW,understat,low-volume FW,0.179,0,1.0,0.0,2526,2627
13972,Andrija Maksimovic,FW,fc26,low-volume FW,0.306,0,1.0,0.0,2526,2627
14156,Mattia Mosconi,FW,shot-profile,low-volume FW,0.415,0,1.0,0.0,2526,2627
14219,Mohamadou Kanté,FW,shot-profile,low-volume FW,0.026,0,1.0,0.0,2526,2627
14222,Aitor Mañas,FW,understat,low-volume FW,0.407,0,1.0,0.0,2526,2627
14242,Zoumana Diallo,FW,understat,low-volume FW,0.087,1,1.0,0.03,2627,2627
14362,Hugo Burcio,FW,shot-profile,low-volume FW,0.206,1,1.0,0.1,2627,2627
14532,Jahyann Pandore,FW,shot-profile,low-volume FW,0.408,0,1.0,0.0,2526,2627
14597,Pierre Mounguengue,FW,shot-profile,low-volume FW,0.303,0,1.0,0.0,2526,2627
14605,Yaya Diémé,FW,understat,low-volume FW,0.072,0,1.0,0.0,2526,2627
14809,Matija Frigan,FW,fc26,low-volume FW,0.209,1,1.0,0.11,2627,2627
14832,Merwan Ifnaoui,FW,understat,low-volume FW,0.203,1,1.0,0.1,2627,2627
14857,Promise David,FW,fc26,low-volume FW,0.389,1,1.0,0.52,2627,2627
14949,Noel Futkeu,FW,fc26,low-volume FW,0.09,1,1.0,0.44,2627,2627
14966,Isac Lidberg,FW,fc26,low-volume FW,0.19,1,1.0,0.07,2627,2627
15007,Paul Erevbenagie,FW,shot-profile,low-volume FW,0.229,1,1.0,0.07,2627,2627
15031,Maurits Kjærgaard,FW,shot-profile,low-volume FW,0.331,1,1.0,0.39,2627,2627
15034,Leo Sauer,FW,fc26,low-volume FW,0.416,1,1.0,0.08,2627,2627
15053,Tomás Bobcek,FW,fc26,low-volume FW,0.418,1,1.0,0.07,2627,2627
15061,Alessandro Sugamele,FW,shot-profile,low-volume FW,0.367,1,1.0,0.26,2627,2627
15062,Joël Monteiro,FW,understat,low-volume FW,0.188,1,1.0,0.01,2627,2627
1277,Roland Sallai,FW,understat,low-volume FW,0.191,0,0.8,0.0,2425,2627
1826,Nicola Sansone,FW,understat,low-volume FW,0.238,0,0.8,0.0,2425,2627
2631,Karim Onisiwo,FW,understat,low-volume FW,0.137,0,0.8,0.0,2425,2627
6884,Remi Oudin,FW,understat,low-volume FW,0.409,0,0.8,0.0,2425,2627
11984,Youssef Chermiti,FW,understat,low-volume FW,0.006,0,0.8,0.0,2425,2627
12373,Shio Fukuda,FW,fc26,low-volume FW,0.079,0,0.8,0.0,2425,2627
13008,Andreas Albers,FW,shot-profile,low-volume FW,0.337,0,0.8,0.0,2425,2627
13071,Ismael Konaté,FW,shot-profile,low-volume FW,0.073,0,0.8,0.0,2425,2627
3479,Marcus Coco,FW,understat,low-volume FW,0.134,0,0.5,0.0,2425,2627
4773,Benjamin Bourigeaud,FW,understat,low-volume FW,0.075,0,0.5,0.0,2425,2627
6208,Antonin Barak,FW,understat,low-volume FW,0.275,0,0.5,0.0,2425,2627
8946,Mourad El Ghezouani,FW,shot-profile,low-volume FW,0.128,0,0.5,0.0,2526,2627
10405,Josh Dasilva,FW,shot-profile,low-volume FW,0.164,0,0.5,0.0,2526,2627
10558,Gabriel Vidovic,FW,understat,low-volume FW,0.047,0,0.5,0.0,2425,2627
10728,Oscar Fraulo,FW,shot-profile,low-volume FW,0.246,0,0.5,0.0,2526,2627
11851,Václav Cerny,FW,understat,low-volume FW,0.018,0,0.5,0.0,2526,2627
12203,Treymaurice Nyoni,FW,shot-profile,low-volume FW,0.226,0,0.5,0.0,2526,2627
12359,Callum Marshall,FW,fc26,low-volume FW,0.396,0,0.5,0.0,2526,2627
12787,Daniel Mikolajewski,FW,understat,low-volume FW,0.06,0,0.5,0.0,2526,2627
12831,Victor Orakpo,FW,fc26,low-volume FW,0.194,0,0.5,0.0,2425,2627
13126,Niama Sissoko,FW,shot-profile,low-volume FW,0.116,0,0.5,0.0,2425,2627
13247,Ezra Mayers,FW,shot-profile,low-volume FW,0.128,0,0.5,0.0,2526,2627
13532,Sean Neave,FW,shot-profile,low-volume FW,0.018,0,0.5,0.0,2526,2627
13790,Joselu Pérez,FW,shot-profile,low-volume FW,0.058,0,0.5,0.0,2526,2627
13970,Cheveyo Mul,FW,shot-profile,low-volume FW,0.164,0,0.5,0.0,2526,2627
13981,Aiman Dardari,FW,shot-profile,low-volume FW,0.018,0,0.5,0.0,2526,2627
14104,Laurs Skjellerup,FW,fc26,low-volume FW,0.147,0,0.5,0.0,2526,2627
14116,Diego Morcillo,FW,shot-profile,low-volume FW,0.332,0,0.5,0.0,2526,2627
14160,Dan Sinaté,FW,shot-profile,low-volume FW,0.113,0,0.5,0.0,2526,2627
14164,Fabio Moreno Fell,FW,understat,low-volume FW,0.172,0,0.5,0.0,2526,2627
14183,Asier Hierro,FW,shot-profile,low-volume FW,0.122,0,0.5,0.0,2526,2627
14201,Elias Legendre,FW,shot-profile,low-volume FW,0.073,0,0.5,0.0,2526,2627
14253,Fynn Schenten,FW,understat,low-volume FW,0.372,0,0.5,0.0,2526,2627
522,Wilfried Zaha,FW,understat,low-volume FW,0.074,0,0.2,0.0,2425,2627
4247,Maximilian Philipp,FW,understat,low-volume FW,0.203,0,0.2,0.0,2425,2627
7395,Carlos Vinicius,FW,understat,low-volume FW,0.091,0,0.2,0.0,2425,2627
8291,Daniel Podence,FW,fc26,low-volume FW,0.2,0,0.2,0.0,2425,2627
9332,Dane Scarlett,FW,fc26,low-volume FW,0.164,0,0.2,0.0,2425,2627
9658,Billal Brahimi,FW,understat,low-volume FW,0.168,0,0.2,0.0,2425,2627
10695,Faride Alidou,FW,understat,low-volume FW,0.088,0,0.2,0.0,2425,2627
11242,Divin Mubama,FW,fc26,low-volume FW,0.02,0,0.2,0.0,2425,2627
11272,Nathan Butler-Oyedeji,FW,fc26,low-volume FW,0.015,0,0.2,0.0,2425,2627
11305,Mykhailo Mudryk,FW,understat,low-volume FW,0.079,0,0.2,0.0,2425,2627
11706,Martín Tejón,FW,shot-profile,low-volume FW,0.018,0,0.2,0.0,2425,2627
11746,Pejiño,FW,understat,low-volume FW,0.117,0,0.2,0.0,2425,2627
11793,Andy Logbo,FW,understat,low-volume FW,0.181,0,0.2,0.0,2425,2627
11907,Mohamed Daramy,FW,understat,low-volume FW,0.008,0,0.2,0.0,2425,2627
11947,Rares Burnete,FW,fc26,low-volume FW,0.068,0,0.2,0.0,2425,2627
13009,Vanja Vlahovic,FW,fc26,low-volume FW,0.006,0,0.2,0.0,2425,2627
13164,Tommaso Gabellini,FW,fc26,low-volume FW,0.157,0,0.2,0.0,2425,2627
13171,Papa Dame Ba,FW,shot-profile,low-volume FW,0.088,0,0.2,0.0,2425,2627
13262,Jonah Kusi-Asare,FW,fc26,low-volume FW,0.108,0,0.2,0.0,2425,2627
13269,Thomas Campaniello,FW,fc26,low-volume FW,0.115,0,0.2,0.0,2425,2627
13365,Plamedi Nsingi,FW,shot-profile,low-volume FW,0.074,0,0.2,0.0,2425,2627
13413,Kyogo Furuhashi,FW,understat,low-volume FW,0.089,0,0.2,0.0,2425,2627
11527,Lamine Yamal,FW,understat,right-channel cut-in,0.417,33,127.5,5.83,2425+2526+2627,2627
11094,Antony,FW,understat,right-channel cut-in,0.336,32,89.2,2.8,2425+2526+2627,2627
7490,Mason Greenwood,FW,understat,right-channel cut-in,0.359,0,88.0,0.0,2425+2526,2627
6552,Bryan Mbeumo,FW,understat,right-channel cut-in,0.374,14,72.0,2.56,2425+2526+2627,2627
1250,Mohamed Salah,FW,understat,right-channel cut-in,0.405,0,66.0,0.0,2425+2526,2627
7322,Bukayo Saka,FW,understat,right-channel cut-in,0.527,13,65.2,3.61,2425+2526+2627,2627
1776,Jarrod Bowen,FW,understat,right-channel cut-in,0.595,0,61.2,0.0,2425+2526,2627
5656,Nicolas Pepe,FW,understat,right-channel cut-in,0.487,19,61.2,1.19,2425+2526+2627,2627
6160,Riccardo Orsolini,FW,understat,right-channel cut-in,0.44,0,59.8,0.0,2425+2526,2627
13052,Francisco Conceição,FW,understat,right-channel cut-in,0.469,10,56.5,1.11,2425+2526+2627,2627
2399,Iñaki Williams,FW,understat,right-channel cut-in,0.06,11,55.2,2.3,2425+2526+2627,2627
3226,Ousmane Dembélé,FW,understat,right-channel cut-in,0.328,6,52.8,0.34,2425+2526+2627,2627
9965,Matìas Soulè Malvano,FW,understat,right-channel cut-in,0.234,14,50.5,2.01,2425+2526+2627,2627
11782,Mousa Al Tamari,FW,understat,right-channel cut-in,0.312,6,48.2,0.62,2425+2526+2627,2627
7969,Sebastiano Esposito,FW,understat,right-channel cut-in,0.052,4,47.8,0.36,2425+2526+2627,2627
8094,Mathis Cherki,FW,understat,right-channel cut-in,0.11,7,45.8,0.86,2425+2526+2627,2627
8107,Jorge De Frutos,FW,understat,right-channel cut-in,0.127,1,45.5,0.09,2425+2526+2627,2627
6382,Pedro Neto,FW,understat,right-channel cut-in,0.452,7,44.8,1.07,2425+2526+2627,2627
1473,Matteo Politano,FW,understat,right-channel cut-in,0.191,3,41.5,0.47,2425+2526+2627,2627
11951,Gustav Isaksen,FW,understat,right-channel cut-in,0.503,3,40.8,0.21,2425+2526+2627,2627
8791,Ritsu Doan,FW,understat,right-channel cut-in,0.191,4,39.8,0.22,2425+2526+2627,2627
10585,Justin Njinmah,FW,understat,right-channel cut-in,0.301,1,39.8,0.03,2425+2526+2627,2627
8056,Arnaud Kalimuendo Muinga,FW,understat,right-channel cut-in,0.01,0,36.0,0.0,2425+2526,2627
9656,Ilan Kebbal,FW,understat,right-channel cut-in,0.432,9,34.0,1.04,2526+2627,2627
11322,Viktor Tsygankov,FW,understat,right-channel cut-in,0.201,0,33.8,0.0,2425+2526,2627
13847,Franco Mastantuono,FW,understat,right-channel cut-in,0.5,18,33.0,2.23,2526+2627,2627
12027,Mohammed Kudus,FW,understat,right-channel cut-in,0.597,1,32.8,0.05,2425+2526+2627,2627
9071,Matteo Cancellieri,FW,understat,right-channel cut-in,0.068,6,32.0,0.76,2425+2526+2627,2627
6063,Jacob Murphy,FW,understat,right-channel cut-in,0.36,0,31.8,0.0,2425+2526,2627
9796,Giuliano Simeone,FW,understat,right-channel cut-in,0.336,8,31.5,0.59,2425+2526+2627,2627
13561,Yan Diomande,FW,understat,right-channel cut-in,0.083,2,31.2,0.18,2425+2526+2627,2627
1612,Domenico Berardi,FW,understat,right-channel cut-in,0.103,9,29.0,1.02,2526+2627,2627
13961,Giovane,FW,understat,right-channel cut-in,0.289,0,28.0,0.0,2526,2627
1424,Federico Bernardeschi,FW,understat,right-channel cut-in,0.164,8,27.5,0.63,2526+2627,2627
10760,Brennan Johnson,FW,understat,right-channel cut-in,0.181,2,27.0,0.42,2425+2526+2627,2627
12362,Santiago Pierotti,FW,understat,right-channel cut-in,0.24,3,27.0,0.18,2425+2526+2627,2627
8001,Takefusa Kubo,FW,understat,right-channel cut-in,0.439,2,26.8,0.65,2425+2526+2627,2627
9182,Sepe Elye Wahi,FW,understat,right-channel cut-in,0.107,5,26.5,0.76,2425+2526+2627,2627
11735,Sávio,FW,understat,right-channel cut-in,0.206,3,26.2,0.14,2425+2526+2627,2627
5684,Arnaud Nordin,FW,understat,right-channel cut-in,0.137,2,25.8,0.76,2425+2526+2627,2627
9694,Diego López,FW,understat,right-channel cut-in,0.009,0,25.0,0.0,2425+2526,2627
11978,Diego Moreira,FW,understat,right-channel cut-in,0.166,4,25.0,0.42,2425+2526+2627,2627
13756,Santiago Hidalgo,FW,understat,right-channel cut-in,0.089,8,25.0,1.0,2526+2627,2627
5706,Dodi Lukebakio,FW,understat,right-channel cut-in,0.585,0,24.5,0.0,2425+2526,2627
9524,Anthony Elanga,FW,understat,right-channel cut-in,0.363,4,23.5,0.42,2425+2526+2627,2627
7267,Woo-Yeong Jeong,FW,understat,right-channel cut-in,0.176,6,23.2,0.27,2425+2526+2627,2627
12322,Tajon Buchanan,FW,understat,right-channel cut-in,0.208,8,23.2,1.18,2425+2526+2627,2627
8920,Dilane Bakwa,FW,understat,right-channel cut-in,0.52,4,22.5,0.3,2425+2526+2627,2627
9977,Loum Tchaouna,FW,understat,right-channel cut-in,0.06,5,22.2,0.13,2425+2526+2627,2627
13809,Giorgi Tsitaishvili,FW,understat,right-channel cut-in,0.152,6,21.5,0.74,2526+2627,2627
9645,Jim Allevinah,FW,understat,right-channel cut-in,0.416,10,21.2,0.59,2425+2526+2627,2627
9767,Habib Diarra,FW,understat,right-channel cut-in,0.058,1,20.8,0.02,2425+2526+2627,2627
11306,Cyril Ngonge,FW,understat,right-channel cut-in,0.234,0,20.8,0.0,2425+2526,2627
3314,Franck Honorat,FW,understat,right-channel cut-in,0.295,4,20.2,0.1,2425+2526+2627,2627
11789,Josué Casimir,FW,understat,right-channel cut-in,0.494,2,19.8,0.06,2425+2526+2627,2627
11989,Walid Cheddira,FW,understat,right-channel cut-in,0.021,0,19.8,0.0,2425+2526,2627
10121,Ilias Akhomach,FW,understat,right-channel cut-in,0.283,3,19.2,0.05,2425+2526+2627,2627
10328,Edon Zhegrova,FW,understat,right-channel cut-in,0.321,4,19.2,0.41,2425+2526+2627,2627
7234,John Yeboah,FW,understat,right-channel cut-in,0.077,11,18.5,1.61,2425+2627,2627
12066,Ethan Mbappé,FW,understat,right-channel cut-in,0.545,8,17.8,1.5,2425+2526+2627,2627
11401,Haissem Hassan,FW,understat,right-channel cut-in,0.463,0,17.0,0.0,2526,2627
13005,Yáser Asprilla,FW,understat,right-channel cut-in,0.288,0,17.0,0.0,2425+2526,2627
10380,Zito,FW,understat,right-channel cut-in,0.547,0,16.2,0.0,2425+2526,2627
11062,Badredine Bouanani,FW,understat,right-channel cut-in,0.44,0,16.2,0.0,2425+2526,2627
2518,Marcos Llorente,FW,understat,right-channel cut-in,0.617,3,16.0,0.09,2425+2526+2627,2627
12060,Ernest Nuamah,FW,understat,right-channel cut-in,0.369,8,16.0,0.64,2425+2526+2627,2627
13775,Estêvão,FW,understat,right-channel cut-in,0.523,2,16.0,0.1,2526+2627,2627
6087,Takuma Asano,FW,understat,right-channel cut-in,0.005,0,15.5,0.0,2425+2526,2627
8205,Jan Thielmann,FW,understat,right-channel cut-in,0.11,2,15.5,0.09,2526+2627,2627
10084,Cristian Volpato,FW,understat,right-channel cut-in,0.461,5,15.5,0.25,2526+2627,2627
12294,Carlos Vicente,FW,understat,right-channel cut-in,0.389,0,15.2,0.0,2425+2526,2627
6718,Andrea Colpani,FW,understat,right-channel cut-in,0.102,6,15.0,1.07,2425+2627,2627
320,Jonas Hofmann,FW,understat,right-channel cut-in,0.386,1,14.8,0.02,2425+2526+2627,2627
11551,Marco Palestra,FW,understat,right-channel cut-in,0.574,0,14.5,0.0,2526,2627
9924,Fabiano Parisi,FW,understat,right-channel cut-in,0.097,0,14.2,0.0,2425+2526,2627
13850,Johan Bakayoko,FW,understat,right-channel cut-in,0.108,2,14.0,0.04,2526+2627,2627
900,Adama Traoré,FW,understat,right-channel cut-in,0.362,0,13.2,0.0,2425+2526,2627
13442,Tidiam Gomis,FW,understat,right-channel cut-in,0.042,7,12.8,0.95,2425+2526+2627,2627
5221,Leon Bailey,FW,understat,right-channel cut-in,0.609,0,12.5,0.0,2425+2526,2627
11294,Lilian Raolisoa,FW,understat,right-channel cut-in,0.158,1,12.5,0.02,2425+2526+2627,2627
9303,Dennis Man,FW,understat,right-channel cut-in,0.416,0,12.2,0.0,2425,2627
6638,Linton Maina,FW,understat,right-channel cut-in,0.093,2,12.0,0.1,2526+2627,2627
6691,Dejan Kulusevski,FW,understat,right-channel cut-in,0.574,0,11.8,0.0,2425,2627
13361,Jones El Abdellaoui,FW,understat,right-channel cut-in,0.452,3,11.5,0.31,2526+2627,2627
9356,Carney Chukwuemeka,FW,understat,right-channel cut-in,0.346,0,11.0,0.0,2425+2526,2627
10946,Yan Couto,FW,understat,right-channel cut-in,0.326,5,11.0,0.33,2425+2526+2627,2627
14064,Roony Bardghji,FW,understat,right-channel cut-in,0.633,0,11.0,0.0,2526,2627
14730,David Larrubia,FW,understat,right-channel cut-in,0.416,11,11.0,0.52,2627,2627
8500,Víctor García,FW,understat,right-channel cut-in,0.018,1,10.5,0.4,2526+2627,2627
14331,Ayoube Amaimouni-Echghouyab,FW,understat,right-channel cut-in,0.251,4,10.0,0.28,2526+2627,2627
9738,Patson Daka,FW,understat,right-channel cut-in,0.039,6,9.8,0.82,2425+2627,2627
12603,Mikey Moore,FW,understat,right-channel cut-in,0.419,9,9.8,0.93,2425+2627,2627
11336,Moritz Broschinski,FW,understat,right-channel cut-in,0.156,0,9.2,0.0,2425,2627
7612,Nathan N&#039;Goumou Minpol,FW,understat,right-channel cut-in,0.123,3,9.0,0.25,2425+2627,2627
9061,Pontus Almqvist,FW,understat,right-channel cut-in,0.353,0,9.0,0.0,2425+2526,2627
10586,Tyler Dibling,FW,understat,right-channel cut-in,0.535,0,9.0,0.0,2425+2526,2627
11903,Oscar Bobb,FW,understat,right-channel cut-in,0.126,3,9.0,0.39,2526+2627,2627
2275,Ángel Correa,FW,understat,right-channel cut-in,0.129,0,8.5,0.0,2425,2627
11155,Wilfried Gnonto,FW,understat,right-channel cut-in,0.238,3,8.0,0.18,2526+2627,2627
12825,Theo Bair,FW,understat,right-channel cut-in,0.049,1,7.5,0.06,2425+2627,2627
5717,Amine Harit,FW,understat,right-channel cut-in,0.353,5,7.0,0.21,2425+2627,2627
7546,Harvey Elliott,FW,understat,right-channel cut-in,0.483,0,6.8,0.0,2425+2526,2627
12285,Mamadou Coulibaly,FW,understat,right-channel cut-in,0.23,0,6.8,0.0,2425+2526,2627
695,Bertrand Traoré,FW,understat,right-channel cut-in,0.517,0,6.0,0.0,2526,2627
1836,Franco Vázquez,FW,understat,right-channel cut-in,0.069,0,6.0,0.0,2526,2627
10730,Muhammed Damar,FW,understat,right-channel cut-in,0.055,0,6.0,0.0,2526,2627
12812,Augustine Boakye,FW,understat,right-channel cut-in,0.025,0,6.0,0.0,2425,2627
7934,Andreas Skov Olsen,FW,understat,right-channel cut-in,0.38,0,5.2,0.0,2425+2526,2627
12911,Abdul Fatawu,FW,understat,right-channel cut-in,0.098,2,5.2,0.03,2425+2627,2627
13818,Kendry Páez,FW,understat,right-channel cut-in,0.125,0,5.0,0.0,2526,2627
3269,Anthony Lopes,GK,understat,goalkeeper,,0,1.5,0.0,2526,2627
2385,Mat Ryan,GK,understat,goalkeeper,,0,1.0,0.0,2526,2627
2225,Gerónimo Rulli,GK,understat,goalkeeper,,0,0.5,0.0,2526,2627
5283,Daniel Heuer Fernandes,GK,understat,goalkeeper,,0,0.5,0.0,2526,2627
5552,Nick Pope,GK,understat,goalkeeper,,0,0.5,0.0,2526,2627
6596,Finn Dahmen,GK,understat,goalkeeper,,0,0.5,0.0,2526,2627
12964,Kamil Grabara,GK,understat,goalkeeper,,0,0.5,0.0,2526,2627
449,Robin Zentner,GK,understat,goalkeeper,,0,0.2,0.0,2425,2627
1302,Emil Audero,GK,understat,goalkeeper,,0,0.2,0.0,2425,2627
5061,Kepa,GK,understat,goalkeeper,,0,0.2,0.0,2425,2627
6643,Francisco Vieites,GK,understat,goalkeeper,,0,0.2,0.0,2425,2627
6709,Yehvann Diouf,GK,understat,goalkeeper,,0,0.2,0.0,2425,2627
7048,Frederik Rönnow,GK,understat,goalkeeper,,0,0.2,0.0,2425,2627
7702,Dean Henderson,GK,understat,goalkeeper,,0,0.2,0.0,2425,2627
9773,Joan García,GK,understat,goalkeeper,,0,0.2,0.0,2425,2627
10967,Mile Svilar,GK,understat,goalkeeper,,0,0.2,0.0,2425,2627
8824,Jude Bellingham,MF,understat,aerial / set-piece,0.229,16,57.0,1.59,2425+2526+2627,2627
7422,Christoph Baumgartner,MF,understat,aerial / set-piece,0.347,0,50.2,0.0,2425+2526,2627
3603,Corentin Tolisso,MF,understat,aerial / set-piece,0.339,5,44.8,0.82,2425+2526+2627,2627
3264,Mauro Arambarri,MF,understat,aerial / set-piece,0.391,0,42.5,0.0,2425+2526,2627
7074,Nicolás González,MF,understat,aerial / set-piece,0.481,7,40.8,0.13,2425+2526+2627,2627
10734,Jens Stage,MF,understat,aerial / set-piece,0.315,0,39.5,0.0,2425+2526,2627
3291,Adrien Rabiot,MF,understat,aerial / set-piece,0.206,3,38.8,0.59,2425+2526+2627,2627
8379,Alexis Mac Allister,MF,understat,aerial / set-piece,0.036,3,38.5,0.09,2425+2526+2627,2627
343,Pierre-Emile Højbjerg,MF,understat,aerial / set-piece,0.208,7,38.0,0.67,2425+2526+2627,2627
3549,Adrien Thomasson,MF,understat,aerial / set-piece,0.179,4,36.0,1.58,2425+2526+2627,2627
1168,Bryan Cristante,MF,understat,aerial / set-piece,0.363,6,35.0,0.36,2425+2526+2627,2627
3799,Wesley Said,MF,understat,aerial / set-piece,0.287,0,34.2,0.0,2425+2526,2627
2248,Casemiro,MF,understat,aerial / set-piece,0.409,0,34.0,0.0,2425+2526,2627
4340,Grischa Prömel,MF,understat,aerial / set-piece,0.09,8,29.0,0.46,2526+2627,2627
5360,Weston McKennie,MF,understat,aerial / set-piece,0.417,2,29.0,0.16,2425+2526+2627,2627
9783,Jae-Sung Lee,MF,understat,aerial / set-piece,0.483,4,28.8,0.38,2425+2526+2627,2627
6560,Aurelien Tchouameni,MF,understat,aerial / set-piece,0.278,1,28.2,0.02,2425+2526+2627,2627
6434,Franck Zambo,MF,understat,aerial / set-piece,0.515,5,27.5,1.28,2425+2526+2627,2627
10974,Samú Costa,MF,understat,aerial / set-piece,0.152,0,27.0,0.0,2425+2526,2627
9840,Denzel Dumfries,MF,understat,aerial / set-piece,0.231,6,26.8,0.63,2425+2526+2627,2627
8288,Tomas Soucek,MF,understat,aerial / set-piece,0.375,0,26.2,0.0,2425+2526,2627
11592,Nico O&#039;Reilly,MF,understat,aerial / set-piece,0.419,2,24.5,0.17,2425+2526+2627,2627
12734,João Neves,MF,understat,aerial / set-piece,0.484,4,24.5,0.56,2425+2526+2627,2627
7070,Santiago Comesaña,MF,understat,aerial / set-piece,0.22,1,24.2,0.59,2425+2526+2627,2627
6706,Ndary Adopo,MF,understat,aerial / set-piece,0.52,4,23.0,0.16,2425+2526+2627,2627
7050,Lucas Torró,MF,understat,aerial / set-piece,0.482,1,23.0,0.06,2425+2526+2627,2627
5304,Mikel Merino,MF,understat,aerial / set-piece,0.37,2,22.5,0.14,2425+2526+2627,2627
688,Ruben Loftus-Cheek,MF,understat,aerial / set-piece,0.344,5,21.8,0.29,2425+2526+2627,2627
8986,Omar Alderete,MF,understat,aerial / set-piece,0.3,0,21.5,0.0,2425+2526,2627
3334,Lassana Coulibaly,MF,understat,aerial / set-piece,0.385,5,21.2,1.51,2425+2526+2627,2627
10433,Cesare Casadei,MF,understat,aerial / set-piece,0.464,0,21.0,0.0,2425+2526,2627
10550,Tom Rothe,MF,understat,aerial / set-piece,0.385,6,21.0,0.96,2425+2526+2627,2627
7526,Martín Zubimendi,MF,understat,aerial / set-piece,0.258,1,20.5,0.11,2425+2526+2627,2627
592,Ross Barkley,MF,understat,aerial / set-piece,0.22,7,20.0,0.31,2425+2526+2627,2627
12978,Jackson Irvine,MF,understat,aerial / set-piece,0.467,0,19.8,0.0,2425+2526,2627
6155,Robin Gosens,MF,understat,aerial / set-piece,0.36,4,19.0,0.35,2425+2526+2627,2627
8045,Eric Garcia,MF,understat,aerial / set-piece,0.487,3,19.0,0.15,2425+2526+2627,2627
10497,Yannick Engelhardt,MF,understat,aerial / set-piece,0.46,6,18.5,0.44,2425+2526+2627,2627
4291,Marc-Oliver Kempf,MF,understat,aerial / set-piece,0.323,2,18.0,0.04,2425+2526+2627,2627
3223,Benjamin André,MF,understat,aerial / set-piece,0.364,0,17.5,0.0,2425+2526,2627
6626,Joshua Vagnoman,MF,understat,aerial / set-piece,0.028,4,17.2,0.76,2425+2526+2627,2627
11964,Giovanni Fabbian,MF,understat,aerial / set-piece,0.348,1,17.2,0.11,2425+2526+2627,2627
7350,Yangel Herrera,MF,understat,aerial / set-piece,0.086,4,16.8,0.22,2425+2526+2627,2627
11808,Andrey Santos,MF,understat,aerial / set-piece,0.402,0,16.8,0.0,2425+2526,2627
9815,Pathé Ciss,MF,understat,aerial / set-piece,0.542,1,16.2,0.04,2425+2526+2627,2627
2182,Jefferson Lerma,MF,understat,aerial / set-piece,0.42,0,16.0,0.0,2425+2526,2627
10949,Arnau Martinez,MF,understat,aerial / set-piece,0.335,1,15.2,0.02,2425+2526+2627,2627
10701,Nicolás Tagliafico,MF,understat,aerial / set-piece,0.636,0,14.5,0.0,2425+2526,2627
13938,Idrissa Touré,MF,understat,aerial / set-piece,0.43,0,14.0,0.0,2526,2627
9667,Amadou Onana,MF,understat,aerial / set-piece,0.285,0,13.8,0.0,2425+2526,2627
3349,Ramy Bensebaini,MF,understat,aerial / set-piece,0.524,0,13.5,0.0,2425+2526,2627
10750,Rasmus Kristensen,MF,understat,aerial / set-piece,0.03,0,13.5,0.0,2425+2526,2627
249,Danny da Costa,MF,understat,aerial / set-piece,0.267,5,13.2,0.19,2425+2526+2627,2627
6108,Rodrigo Bentancur,MF,understat,aerial / set-piece,0.303,1,13.0,0.03,2425+2526+2627,2627
2693,Marius Wolf,MF,understat,aerial / set-piece,0.089,2,12.0,0.14,2425+2526+2627,2627
9107,Giorgio Scalvini,MF,understat,aerial / set-piece,0.378,1,12.0,0.03,2425+2526+2627,2627
9053,Eric Martel,MF,understat,aerial / set-piece,0.548,0,11.5,0.0,2526,2627
13742,Ayumu Seko,MF,understat,aerial / set-piece,0.054,3,11.5,0.14,2526+2627,2627
11871,Nicolas Seiwald,MF,understat,aerial / set-piece,0.274,0,11.2,0.0,2425+2526,2627
7083,Christian Nørgaard,MF,understat,aerial / set-piece,0.398,0,10.8,0.0,2425+2526,2627
2496,Rodri,MF,understat,aerial / set-piece,0.279,2,10.5,0.18,2526+2627,2627
3347,Ellyes Skhiri,MF,understat,aerial / set-piece,0.441,3,10.2,0.6,2425+2526+2627,2627
3743,Lucas Tousart,MF,understat,aerial / set-piece,0.638,4,10.2,1.5,2425+2526+2627,2627
1477,Luca Mazzitelli,MF,understat,aerial / set-piece,0.012,0,9.2,0.0,2425+2526,2627
140,Yannick Gerhardt,MF,understat,aerial / set-piece,0.328,0,9.0,0.0,2425+2526,2627
14842,Thomas Jørgensen,MF,understat,aerial / set-piece,0.094,9,9.0,1.28,2627,2627
10382,Eray Cömert,MF,understat,aerial / set-piece,0.266,1,8.8,0.02,2425+2526+2627,2627
13078,Chema Andres,MF,understat,aerial / set-piece,0.317,1,8.5,0.01,2526+2627,2627
13424,Daniel Svensson,MF,understat,aerial / set-piece,0.162,1,8.5,0.06,2425+2526+2627,2627
13325,James Sands,MF,understat,aerial / set-piece,0.336,0,8.2,0.0,2425+2526,2627
12344,Anthony Bermont,MF,understat,aerial / set-piece,0.129,6,8.0,1.08,2526+2627,2627
11386,Lewis Miley,MF,understat,aerial / set-piece,0.033,1,7.8,0.05,2425+2526+2627,2627
12323,Johnny Cardoso,MF,understat,aerial / set-piece,0.102,2,7.8,0.07,2425+2526+2627,2627
4764,Jean-Philippe Gbamin,MF,understat,aerial / set-piece,0.094,0,7.5,0.0,2425+2526,2627
13800,Samir Chergui,MF,understat,aerial / set-piece,0.36,1,7.5,0.38,2526+2627,2627
8878,Atakan Karazor,MF,understat,aerial / set-piece,0.003,0,7.2,0.0,2425+2526,2627
5666,Mouctar Diakhaby,MF,understat,aerial / set-piece,0.548,2,6.8,0.17,2425+2526+2627,2627
12987,Luca Kerber,MF,understat,aerial / set-piece,0.443,0,6.2,0.0,2425+2526,2627
8232,Andrea Carboni,MF,understat,aerial / set-piece,0.559,4,6.0,0.46,2425+2627,2627
14833,Antoine Mille,MF,understat,aerial / set-piece,0.028,6,6.0,0.53,2627,2627
5545,Wilfred Ndidi,MF,understat,aerial / set-piece,0.265,0,5.5,0.0,2425,2627
200,Andreas Christensen,MF,understat,aerial / set-piece,0.364,3,5.2,0.81,2425+2526+2627,2627
11864,Benedikt Gimber,MF,understat,aerial / set-piece,0.053,0,5.2,0.0,2425+2526,2627
14747,Jack Rudoni,MF,understat,aerial / set-piece,0.107,5,5.0,1.34,2627,2627
8497,Cole Palmer,MF,understat,box arriver,0.09,17,80.5,1.82,2425+2526+2627,2627
5560,Scott McTominay,MF,understat,box arriver,0.4,2,71.8,0.18,2425+2526+2627,2627
942,Florian Thauvin,MF,understat,box arriver,0.162,16,66.5,3.81,2425+2526+2627,2627
10741,Marcus Tavernier,MF,understat,box arriver,0.063,13,62.2,1.69,2425+2526+2627,2627
11356,Enzo Fernández,MF,understat,box arriver,0.427,4,53.2,0.32,2425+2526+2627,2627
7779,Oihan Sancet,MF,understat,box arriver,0.011,15,51.5,1.89,2425+2526+2627,2627
82,Nadiem Amiri,MF,understat,box arriver,0.175,7,49.5,1.51,2425+2526+2627,2627
8696,Pape Alassane Gueye,MF,understat,box arriver,0.209,7,44.5,1.34,2425+2526+2627,2627
11484,Ibrahim Maza,MF,understat,box arriver,0.109,13,39.5,0.79,2526+2627,2627
125,Maximilian Eggestein,MF,understat,box arriver,0.143,8,39.0,0.73,2425+2526+2627,2627
10857,Pablo Ibáñez,MF,understat,box arriver,0.165,9,37.5,1.14,2425+2526+2627,2627
8418,Jamal Musiala,MF,understat,box arriver,0.371,5,37.0,0.25,2425+2526+2627,2627
9307,Iliman Ndiaye,MF,understat,box arriver,0.353,5,35.8,0.28,2425+2526+2627,2627
6945,Youssouf Fofana,MF,understat,box arriver,0.172,4,35.0,0.13,2425+2526+2627,2627
6963,Justin Kluivert,MF,understat,box arriver,0.238,10,34.2,1.08,2425+2526+2627,2627
8327,Bruno Guimarães,MF,understat,box arriver,0.406,2,34.2,0.08,2425+2526+2627,2627
7265,Kephren Thuram,MF,understat,box arriver,0.269,0,34.0,0.0,2425+2526,2627
317,Henrikh Mkhitaryan,MF,understat,box arriver,0.163,6,33.2,0.59,2425+2526+2627,2627
10404,Éderson,MF,understat,box arriver,0.277,4,31.2,0.12,2425+2526+2627,2627
6820,David Brooks,MF,understat,box arriver,0.084,0,30.2,0.0,2425+2526,2627
261,Julian Brandt,MF,understat,box arriver,0.285,0,30.0,0.0,2425+2526,2627
2517,Martin Odegaard,MF,understat,box arriver,0.247,6,29.2,1.01,2425+2526+2627,2627
7230,Emile Smith-Rowe,MF,understat,box arriver,0.319,1,28.2,0.06,2425+2526+2627,2627
13102,Johan Manzambi,MF,understat,box arriver,0.014,0,28.2,0.0,2425+2526,2627
239,Pascal Groß,MF,understat,box arriver,0.5,8,27.8,1.65,2425+2526+2627,2627
8846,Paul Nebel,MF,understat,box arriver,0.155,0,27.0,0.0,2425+2526,2627
1471,Lorenzo Pellegrini,MF,understat,box arriver,0.454,0,26.5,0.0,2425+2526,2627
7208,Samuel Chukwueze,MF,understat,box arriver,0.283,6,26.5,0.38,2425+2526+2627,2627
9202,Felix Nmecha,MF,understat,box arriver,0.16,5,26.0,0.75,2425+2526+2627,2627
7723,John McGinn,MF,understat,box arriver,0.34,4,25.8,0.56,2425+2526+2627,2627
335,Leon Goretzka,MF,understat,box arriver,0.139,0,25.5,0.0,2425+2526,2627
2255,Isco,MF,understat,box arriver,0.31,11,25.5,1.4,2425+2526+2627,2627
11354,Yuito Suzuki,MF,understat,box arriver,0.468,6,25.0,2.2,2526+2627,2627
13573,Lennart Karl,MF,understat,box arriver,0.175,4,25.0,0.57,2526+2627,2627
8239,Takumi Minamino,MF,understat,box arriver,0.25,0,24.5,0.0,2425+2526,2627
3635,Bernardo Silva,MF,understat,box arriver,0.186,1,24.0,0.14,2425+2526+2627,2627
5681,Giovani Lo Celso,MF,understat,box arriver,0.344,0,23.5,0.0,2425+2526,2627
4981,Davide Frattesi,MF,understat,box arriver,0.101,8,23.0,1.75,2425+2526+2627,2627
10295,Louis Mouton,MF,understat,box arriver,0.139,0,22.8,0.0,2425+2526,2627
11865,Jan Schöppner,MF,understat,box arriver,0.085,0,22.5,0.0,2425+2526,2627
2447,Fabián,MF,understat,box arriver,0.279,2,22.2,0.1,2425+2526+2627,2627
13955,Jakub Piotrowski,MF,understat,box arriver,0.226,4,22.0,0.34,2526+2627,2627
6147,Denis Zakaria,MF,understat,box arriver,0.074,5,21.8,0.18,2425+2526+2627,2627
9201,Eren Sami Dinkci,MF,understat,box arriver,0.481,3,21.0,0.62,2425+2526+2627,2627
13860,Wouter Burger,MF,understat,box arriver,0.519,3,21.0,0.16,2526+2627,2627
8935,Pedri,MF,understat,box arriver,0.512,4,20.5,0.48,2425+2526+2627,2627
9444,Felix Correia,MF,understat,box arriver,0.454,2,20.5,0.08,2526+2627,2627
11164,Martial Godo,MF,understat,box arriver,0.102,0,20.5,0.0,2526,2627
8050,Hichem Boudaoui,MF,understat,box arriver,0.373,0,20.2,0.0,2425+2526,2627
8765,Roberto Navarro,MF,understat,box arriver,0.181,5,20.0,1.59,2425+2526+2627,2627
9860,Malik Tillman,MF,understat,box arriver,0.254,3,20.0,0.13,2526+2627,2627
13865,Robin Fellhauer,MF,understat,box arriver,0.173,5,19.5,0.82,2526+2627,2627
10715,João Palhinha,MF,understat,box arriver,0.198,0,19.0,0.0,2425+2526,2627
13713,Trai Hume,MF,understat,box arriver,0.348,2,19.0,0.05,2526+2627,2627
5598,Angel Gomes,MF,understat,box arriver,0.049,8,18.8,1.29,2425+2526+2627,2627
5661,Jonathan Ikone,MF,understat,box arriver,0.126,0,18.8,0.0,2425+2526,2627
7857,Jon Moncayola,MF,understat,box arriver,0.105,2,18.8,0.06,2425+2526+2627,2627
9040,Conor Gallagher,MF,understat,box arriver,0.542,1,18.8,0.02,2425+2526+2627,2627
11297,Carlos Alcaraz,MF,understat,box arriver,0.046,2,18.8,0.14,2425+2526+2627,2627
9885,Tanner Tessmann,MF,understat,box arriver,0.338,1,18.5,0.01,2425+2526+2627,2627
3674,Abdoulaye Touré,MF,understat,box arriver,0.31,0,18.2,0.0,2425+2526,2627
11470,Niccolò Pisilli,MF,understat,box arriver,0.451,2,18.2,0.7,2425+2526+2627,2627
7058,Kevin Stöger,MF,understat,box arriver,0.101,0,18.0,0.0,2425+2526,2627
11768,Cher Ndour,MF,understat,box arriver,0.206,5,18.0,0.24,2425+2526+2627,2627
11384,João Gomes,MF,understat,box arriver,0.183,0,17.8,0.0,2425+2526,2627
14428,Hugo Bolin,MF,understat,box arriver,0.386,10,17.5,1.81,2526+2627,2627
307,Suat Serdar,MF,understat,box arriver,0.279,0,17.0,0.0,2425+2526,2627
9021,Pape Sarr,MF,understat,box arriver,0.103,0,17.0,0.0,2425+2526,2627
337,Leroy Sané,MF,understat,box arriver,0.037,0,16.8,0.0,2425,2627
4911,Alessio Zerbin,MF,understat,box arriver,0.233,2,16.8,0.15,2425+2526+2627,2627
1634,Alessandro Deiola,MF,understat,box arriver,0.311,1,16.5,0.26,2425+2526+2627,2627
5248,Marcel Sabitzer,MF,understat,box arriver,0.329,1,16.2,0.37,2425+2526+2627,2627
2624,Djibril Sow,MF,understat,box arriver,0.377,1,16.0,0.1,2425+2526+2627,2627
6974,Mattias Svanberg,MF,understat,box arriver,0.145,0,15.8,0.0,2425+2526,2627
6145,Daichi Kamada,MF,understat,box arriver,0.175,1,15.5,0.04,2425+2526+2627,2627
11264,Carlos Álvarez,MF,understat,box arriver,0.345,0,15.5,0.0,2526,2627
11378,Máximo Perrone,MF,understat,box arriver,0.34,4,15.5,0.27,2425+2526+2627,2627
13716,Noah Sadiki,MF,understat,box arriver,0.369,6,15.5,0.89,2526+2627,2627
13975,Noah Cadiou,MF,understat,box arriver,0.087,6,15.5,0.17,2526+2627,2627
13122,Nathaniel Brown,MF,understat,box arriver,0.222,3,15.2,0.32,2425+2526+2627,2627
5251,Rani Khedira,MF,understat,box arriver,0.362,0,15.0,0.0,2425+2526,2627
9966,Fabio Miretti,MF,understat,box arriver,0.486,0,15.0,0.0,2425+2526,2627
12937,Nicolai Remberg,MF,understat,box arriver,0.183,1,15.0,0.02,2425+2526+2627,2627
5759,Matteo Guendouzi,MF,understat,box arriver,0.171,0,14.8,0.0,2425+2526,2627
7783,Xaver Schlager,MF,understat,box arriver,0.286,4,14.8,0.11,2425+2526+2627,2627
8211,Amine Adli,MF,understat,box arriver,0.291,0,14.8,0.0,2425+2526,2627
10786,Warren Zaïre-Emery,MF,understat,box arriver,0.262,1,14.8,0.58,2425+2526+2627,2627
1537,Sasa Lukic,MF,understat,box arriver,0.363,1,14.5,0.04,2425+2526+2627,2627
1750,Ainsley Maitland-Niles,MF,understat,box arriver,0.257,2,14.5,0.05,2425+2526+2627,2627
7768,Mason Mount,MF,understat,box arriver,0.471,0,14.5,0.0,2425+2526,2627
9725,Angelo Stiller,MF,understat,box arriver,0.425,1,14.5,0.05,2425+2526+2627,2627
8252,Nicolás Domínguez,MF,understat,box arriver,0.068,0,14.2,0.0,2425+2526,2627
13072,Vasilije Adzic,MF,understat,box arriver,0.367,11,14.2,1.7,2425+2526+2627,2627
5696,Vincent Marchetti,MF,understat,box arriver,0.395,2,14.0,0.52,2526+2627,2627
12446,Simon Ebonog,MF,understat,box arriver,0.113,3,14.0,0.11,2526+2627,2627
12976,Philipp Treu,MF,understat,box arriver,0.093,1,14.0,0.04,2425+2526+2627,2627
13069,Ismaël Koné,MF,understat,box arriver,0.401,0,14.0,0.0,2425+2526,2627
12800,Ngal&#039;ayel Mukau,MF,understat,box arriver,0.434,1,13.8,0.07,2425+2526+2627,2627
9017,Malo Gusto,MF,understat,box arriver,0.21,2,13.5,0.06,2425+2526+2627,2627
9451,Chimuanya Ugochukwu,MF,understat,box arriver,0.415,0,13.5,0.0,2425+2526,2627
9680,Vitaly Janelt,MF,understat,box arriver,0.341,4,13.5,0.86,2425+2526+2627,2627
9986,Kristijan Jakic,MF,understat,box arriver,0.111,0,13.5,0.0,2425+2526,2627
14379,Kail Boudache,MF,understat,box arriver,0.087,7,13.5,1.33,2526+2627,2627
7106,Philipp Mwene,MF,understat,box arriver,0.099,3,13.2,1.03,2425+2526+2627,2627
11547,Aleksandar Pavlovic,MF,understat,box arriver,0.33,6,13.2,0.9,2425+2526+2627,2627
6380,Anthony Caci,MF,understat,box arriver,0.246,2,13.0,0.15,2425+2526+2627,2627
9029,Simon Sohm,MF,understat,box arriver,0.336,0,13.0,0.0,2425+2526,2627
13601,Marcos Fernández,MF,understat,box arriver,0.147,13,13.0,1.72,2627,2627
11003,Ryan Yates,MF,understat,box arriver,0.335,0,12.8,0.0,2425+2526,2627
11911,Hugo Larsson,MF,understat,box arriver,0.673,1,12.8,0.09,2425+2526+2627,2627
7264,Han-Noah Massengo,MF,understat,box arriver,0.185,1,12.5,0.14,2425+2526+2627,2627
13711,Maxim De Cuyper,MF,understat,box arriver,0.063,6,12.5,1.45,2526+2627,2627
4271,Janik Haberer,MF,understat,box arriver,0.125,3,12.2,0.41,2425+2526+2627,2627
6412,Raoul Bellanova,MF,understat,box arriver,0.05,1,12.2,0.01,2425+2526+2627,2627
13923,Nicolás Capaldo,MF,understat,box arriver,0.152,1,12.0,0.06,2526+2627,2627
3696,Morgan Sanson,MF,understat,box arriver,0.627,0,11.8,0.0,2425+2526,2627
9233,Joakim Maehle,MF,understat,box arriver,0.386,0,11.8,0.0,2425+2526,2627
11185,Pablo Marín,MF,understat,box arriver,0.531,0,11.8,0.0,2425+2526,2627
12104,Neil El Aynaoui,MF,understat,box arriver,0.334,4,11.8,0.27,2425+2526+2627,2627
9752,Jesper Lindstrom,MF,understat,box arriver,0.323,0,11.5,0.0,2425+2526,2627
13834,Ao Tanaka,MF,understat,box arriver,0.193,3,11.5,0.67,2526+2627,2627
13851,Ezechiel Banzuzi,MF,understat,box arriver,0.274,4,11.5,1.2,2526+2627,2627
3455,Raphael Guerreiro,MF,understat,box arriver,0.044,0,11.2,0.0,2425+2526,2627
7877,Robert Andrich,MF,understat,box arriver,0.135,0,11.2,0.0,2425+2526,2627
11236,Aljoscha Kemlein,MF,understat,box arriver,0.099,0,11.2,0.0,2425+2526,2627
11039,Lewis Ferguson,MF,understat,box arriver,0.128,3,11.0,0.46,2425+2526+2627,2627
11946,Mohamed Kaba,MF,understat,box arriver,0.332,0,11.0,0.0,2425+2526,2627
13206,Matt O&#039;Riley,MF,understat,box arriver,0.48,0,11.0,0.0,2425+2526,2627
13964,Petar Sucic,MF,understat,box arriver,0.333,0,11.0,0.0,2526,2627
14700,Cala,MF,understat,box arriver,0.193,11,11.0,1.2,2627,2627
28,Mitchell Weiser,MF,understat,box arriver,0.067,0,10.8,0.0,2425,2627
1139,Silvan Widmer,MF,understat,box arriver,0.162,0,10.8,0.0,2425+2526,2627
6818,James Maddison,MF,understat,box arriver,0.449,0,10.8,0.0,2425+2526,2627
2266,Saúl Ñíguez,MF,understat,box arriver,0.438,0,10.5,0.0,2425,2627
13962,Rafik Belghali,MF,understat,box arriver,0.35,0,10.5,0.0,2526,2627
14008,Ezequiél Fernández,MF,understat,box arriver,0.159,5,10.5,0.93,2526+2627,2627
8191,Giovanni Reyna,MF,understat,box arriver,0.481,6,10.2,0.41,2425+2526+2627,2627
13805,Adama Camara,MF,understat,box arriver,0.223,1,10.0,0.11,2526+2627,2627
13898,Jari Vandeputte,MF,understat,box arriver,0.057,0,10.0,0.0,2526,2627
13910,Ísak Bergmann Jóhannesson,MF,understat,box arriver,0.02,3,10.0,0.15,2526+2627,2627
14341,Kenneth Taylor,MF,understat,box arriver,0.359,2,10.0,0.05,2526+2627,2627
922,Andreas Pereira,MF,understat,box arriver,0.191,0,9.8,0.0,2425,2627
12846,Louis Leroux,MF,understat,box arriver,0.266,0,9.8,0.0,2425+2526,2627
12912,Lucas Bergvall,MF,understat,box arriver,0.543,1,9.8,0.04,2425+2526+2627,2627
7078,Sean Longstaff,MF,understat,box arriver,0.42,0,9.5,0.0,2425+2526,2627
13429,Julian Niehues,MF,understat,box arriver,0.27,0,9.5,0.0,2425+2526,2627
13940,Gabriele Piccinini,MF,understat,box arriver,0.129,0,9.5,0.0,2526,2627
1504,Alberto Grassi,MF,understat,box arriver,0.225,0,9.2,0.0,2425+2526,2627
6592,Manuel Morlanes,MF,understat,box arriver,0.321,0,9.2,0.0,2425+2526,2627
8470,Kike Pérez,MF,understat,box arriver,0.354,1,9.2,0.02,2425+2627,2627
2308,Denis Suárez,MF,understat,box arriver,0.354,2,9.0,0.64,2425+2526+2627,2627
5311,Vincent Sierro,MF,understat,box arriver,0.205,1,9.0,0.05,2425+2627,2627
7825,Iker Losada,MF,understat,box arriver,0.532,0,9.0,0.0,2425+2526,2627
9814,Andrés Martín,MF,understat,box arriver,0.327,9,9.0,2.15,2627,2627
10581,Junior Mwanga,MF,understat,box arriver,0.341,0,9.0,0.0,2425+2526,2627
11773,Douglas Augusto,MF,understat,box arriver,0.323,0,9.0,0.0,2425,2627
14352,César Palacios,MF,understat,box arriver,0.276,8,9.0,1.1,2526+2627,2627
8285,Sander Berge,MF,understat,box arriver,0.12,1,8.8,0.04,2425+2526+2627,2627
9711,Patrick Osterhage,MF,understat,box arriver,0.657,0,8.8,0.0,2425+2526,2627
1423,Matías Vecino,MF,understat,box arriver,0.073,0,8.5,0.0,2425+2526,2627
6308,Jessy Deminguet,MF,understat,box arriver,0.346,0,8.5,0.0,2526,2627
7359,Eduardo Camavinga,MF,understat,box arriver,0.2,0,8.5,0.0,2425+2526,2627
7609,Carles Pérez,MF,understat,box arriver,0.182,0,8.5,0.0,2425,2627
7988,Billy Gilmour,MF,understat,box arriver,0.017,1,8.5,0.05,2425+2526+2627,2627
12872,Fisayo Dele-Bashiru,MF,understat,box arriver,0.114,0,8.5,0.0,2425+2526,2627
13812,Alpha Touré,MF,understat,box arriver,0.374,0,8.5,0.0,2526,2627
1488,Remo Freuler,MF,understat,box arriver,0.355,0,8.2,0.0,2425+2526,2627
12950,Jordan Teze,MF,understat,box arriver,0.103,0,8.2,0.0,2425+2526,2627
13019,Jack Clarke,MF,understat,box arriver,0.305,4,8.2,0.27,2425+2627,2627
5140,Kike Barja,MF,understat,box arriver,0.488,3,8.0,0.66,2425+2526+2627,2627
5654,Baptiste Santamaria,MF,understat,box arriver,0.078,0,8.0,0.0,2425+2526,2627
10241,Antonio Vergara,MF,understat,box arriver,0.2,3,8.0,1.03,2526+2627,2627
11389,Valentin Atangana Edoa,MF,understat,box arriver,0.421,0,8.0,0.0,2425,2627
11983,Matús Bero,MF,understat,box arriver,0.634,0,8.0,0.0,2425,2627
13948,Christian Ordóñez,MF,understat,box arriver,0.083,3,8.0,0.1,2526+2627,2627
14376,Quinten Timber,MF,understat,box arriver,0.353,3,8.0,0.19,2526+2627,2627
14946,Maurice Krattenmacher,MF,fc26,box arriver,0.209,8,8.0,2.27,2627,2627
1726,Abdoulaye Doucouré,MF,understat,box arriver,0.374,0,7.8,0.0,2425,2627
9811,Óscar Valentín,MF,understat,box arriver,0.291,0,7.8,0.0,2425+2526,2627
10184,Archie Gray,MF,understat,box arriver,0.305,2,7.8,0.07,2425+2526+2627,2627
11291,Warren Kamanzi,MF,understat,box arriver,0.315,0,7.8,0.0,2425+2526,2627
13094,Dário Essugo,MF,understat,box arriver,0.422,2,7.8,0.67,2425+2627,2627
224,Thomas Müller,MF,understat,box arriver,0.545,0,7.5,0.0,2425,2627
1496,Roberto Gagliardini,MF,understat,box arriver,0.288,0,7.5,0.0,2526,2627
3209,Jean-Daniel Akpa-Akpro,MF,understat,box arriver,0.235,0,7.5,0.0,2425+2526,2627
3393,Bouna Sarr,MF,understat,box arriver,0.379,0,7.5,0.0,2526,2627
3772,Maxime Lopez,MF,understat,box arriver,0.102,1,7.5,0.02,2526+2627,2627
7501,Amadou Haidara,MF,understat,box arriver,0.35,2,7.5,0.12,2425+2526+2627,2627
13064,Lutsharel Geertruida,MF,understat,box arriver,0.197,0,7.5,0.0,2425+2526,2627
13577,Rudy Matondo,MF,understat,box arriver,0.419,1,7.5,0.29,2526+2627,2627
13728,Josh Laurent,MF,understat,box arriver,0.178,0,7.5,0.0,2526,2627
13949,Oliver Sørensen,MF,understat,box arriver,0.612,0,7.5,0.0,2526,2627
8058,Thierry Correia,MF,understat,box arriver,0.159,3,7.2,0.47,2425+2526+2627,2627
10385,Liberato Cacace,MF,understat,box arriver,0.008,0,7.2,0.0,2425,2627
10345,Samuele Angori,MF,understat,box arriver,0.195,0,7.0,0.0,2526,2627
12820,Marc Bernal,MF,understat,box arriver,0.342,3,7.0,0.5,2425+2526+2627,2627
314,Ilkay Gündogan,MF,understat,box arriver,0.674,0,6.8,0.0,2425,2627
4811,Jean Eudes Aholou,MF,understat,box arriver,0.056,0,6.8,0.0,2425,2627
10985,Sulemana,MF,understat,box arriver,0.3,0,6.8,0.0,2425+2526,2627
6019,Angelo Fulgini,MF,understat,box arriver,0.544,0,6.5,0.0,2425,2627
10899,Emirhan Ilkhan,MF,understat,box arriver,0.308,0,6.5,0.0,2526,2627
11586,Ebenezer Akinsanmiro,MF,understat,box arriver,0.103,0,6.5,0.0,2526,2627
12186,Kassoum Ouattara,MF,understat,box arriver,0.236,0,6.5,0.0,2425+2526,2627
12785,Antoine Hainaut,MF,understat,box arriver,0.098,5,6.5,0.85,2425+2627,2627
13978,Jayden Addai,MF,understat,box arriver,0.13,0,6.5,0.0,2526,2627
14132,Djibirin Harouna,MF,understat,box arriver,0.352,3,6.5,0.2,2526+2627,2627
9062,Armin Gigovic,MF,understat,box arriver,0.339,0,6.2,0.0,2425,2627
13582,Jay Robinson,MF,understat,box arriver,0.251,6,6.2,0.73,2425+2627,2627
4951,Grigoris Kastanos,MF,understat,box arriver,0.016,0,6.0,0.0,2425+2526,2627
5789,Boubacar Kamara,MF,understat,box arriver,0.461,0,6.0,0.0,2425+2526,2627
9537,William Mikelbrencis,MF,understat,box arriver,0.256,0,6.0,0.0,2526,2627
11929,Luca Lipani,MF,understat,box arriver,0.378,0,6.0,0.0,2526,2627
12113,Jackson Tchatchoua,MF,understat,box arriver,0.099,0,6.0,0.0,2425+2526,2627
12792,Seydouba Cissé,MF,understat,box arriver,0.488,0,6.0,0.0,2425,2627
13719,Chris Rigg,MF,understat,box arriver,0.067,0,6.0,0.0,2526,2627
13838,Ali Houary,MF,understat,box arriver,0.45,5,6.0,1.12,2526+2627,2627
14817,Adil Bourabaa,MF,understat,box arriver,0.403,6,6.0,1.13,2627,2627
14856,Malick Yalcouyé,MF,understat,box arriver,0.367,6,6.0,1.21,2627,2627
782,Ben Chilwell,MF,understat,box arriver,0.232,2,5.8,0.46,2425+2526+2627,2627
2456,Omar Mascarell,MF,understat,box arriver,0.184,0,5.8,0.0,2425+2526,2627
12766,Jota Silva,MF,understat,box arriver,0.289,0,5.8,0.0,2425,2627
5225,Bakery Jatta,MF,understat,box arriver,0.214,0,5.5,0.0,2526,2627
6126,Ander Guevara,MF,understat,box arriver,0.003,0,5.5,0.0,2425+2526,2627
8821,Donny van de Beek,MF,understat,box arriver,0.393,0,5.5,0.0,2425+2526,2627
8913,Emmanuel Gyasi,MF,understat,box arriver,0.229,0,5.5,0.0,2425,2627
9673,Bilal Nadir,MF,understat,box arriver,0.038,0,5.5,0.0,2425+2526,2627
10863,Aaron Zehnter,MF,understat,box arriver,0.207,0,5.5,0.0,2526,2627
13958,Lennon Miller,MF,understat,box arriver,0.026,1,5.5,0.07,2526+2627,2627
14424,Nilson Angulo,MF,understat,box arriver,0.031,2,5.5,0.12,2526+2627,2627
677,Jordan Veretout,MF,understat,box arriver,0.306,0,5.2,0.0,2425,2627
5962,Tanguy NDombele Alvaro,MF,understat,box arriver,0.472,0,5.2,0.0,2425+2526,2627
6492,Reiss Nelson,MF,understat,box arriver,0.126,0,5.2,0.0,2425+2526,2627
9655,Pablo Rosario,MF,understat,box arriver,0.381,0,5.2,0.0,2425+2526,2627
11743,Kirian Rodríguez,MF,understat,box arriver,0.116,0,5.2,0.0,2425,2627
12400,Rabby Nzingoula,MF,understat,box arriver,0.254,0,5.2,0.0,2425+2526,2627
12752,Sammie Szmodics,MF,understat,box arriver,0.478,0,5.2,0.0,2425,2627
213,Thorgan Hazard,MF,understat,box arriver,0.346,5,5.0,1.31,2627,2627
2378,Daniel Parejo,MF,understat,box arriver,0.387,0,5.0,0.0,2425+2526,2627
6148,Michaël Cuisance,MF,understat,box arriver,0.454,5,5.0,1.16,2627,2627
10163,Luismi Cruz,MF,understat,box arriver,0.292,5,5.0,0.9,2627,2627
10847,Rico Lewis,MF,understat,box arriver,0.505,1,5.0,0.35,2425+2526+2627,2627
10936,Charles Pickel,MF,understat,box arriver,0.438,0,5.0,0.0,2526,2627
12389,Shavy Babicka,MF,understat,box arriver,0.289,0,5.0,0.0,2425,2627
12620,Jonathan Asp Jensen,MF,understat,box arriver,0.181,5,5.0,0.25,2627,2627
12901,Antoniu Roca,MF,understat,box arriver,0.456,0,5.0,0.0,2425+2526,2627
12952,Oscar Højlund,MF,understat,box arriver,0.27,0,5.0,0.0,2425+2526,2627
13471,Soriba Diaoune,MF,understat,box arriver,0.295,0,5.0,0.0,2526,2627
13933,Nicolas Kühn,MF,understat,box arriver,0.615,1,5.0,0.08,2526+2627,2627
14339,Omri Gandelman,MF,understat,box arriver,0.177,0,5.0,0.0,2526,2627
14753,Diogo Sousa,MF,understat,box arriver,0.434,5,5.0,1.54,2627,2627
11866,Álex Grimaldo,MF,understat,long-range shooter,0.215,8,49.5,1.36,2425+2526+2627,2627
3821,Rolando Mandragora,MF,understat,long-range shooter,0.541,6,47.5,0.16,2425+2526+2627,2627
6241,Federico Valverde,MF,understat,long-range shooter,0.327,6,45.8,0.26,2425+2526+2627,2627
9910,Anton Stach,MF,understat,long-range shooter,0.392,6,42.2,1.09,2425+2526+2627,2627
189,Hakan Calhanoglu,MF,understat,long-range shooter,0.414,3,39.5,0.09,2425+2526+2627,2627
8182,Lucas Da Cunha,MF,understat,long-range shooter,0.293,7,37.2,0.24,2425+2526+2627,2627
1409,Nicolò Barella,MF,understat,long-range shooter,0.154,8,36.2,0.62,2425+2526+2627,2627
11385,Yasin Ayari,MF,understat,long-range shooter,0.125,8,35.5,0.48,2425+2526+2627,2627
5553,Declan Rice,MF,understat,long-range shooter,0.254,3,35.0,0.08,2425+2526+2627,2627
2203,Emiliano Buendía,MF,understat,long-range shooter,0.443,6,33.5,0.6,2425+2526+2627,2627
8700,Xavi Simons,MF,understat,long-range shooter,0.06,0,33.5,0.0,2425+2526,2627
9280,Antonio Blanco,MF,understat,long-range shooter,0.406,7,33.2,0.24,2425+2526+2627,2627
8867,Adrián Bernabé,MF,understat,long-range shooter,0.259,1,32.8,0.02,2425+2526+2627,2627
13917,Mamadou Sangaré,MF,understat,long-range shooter,0.205,6,32.5,0.37,2526+2627,2627
7958,Sandro Tonali,MF,understat,long-range shooter,0.663,5,32.2,0.15,2425+2526+2627,2627
13020,Bilal El Khannouss,MF,understat,long-range shooter,0.135,3,31.5,0.19,2425+2526+2627,2627
1122,Manuel Locatelli,MF,understat,long-range shooter,0.369,2,31.2,0.57,2425+2526+2627,2627
8826,Rocco Reitz,MF,understat,long-range shooter,0.072,2,31.2,0.4,2425+2526+2627,2627
10289,Tom Bischof,MF,understat,long-range shooter,0.46,3,30.8,0.1,2425+2526+2627,2627
12149,Alex Scott,MF,understat,long-range shooter,0.256,5,30.8,0.54,2425+2526+2627,2627
7947,Ruslan Malinovskiy,MF,understat,long-range shooter,0.395,0,29.8,0.0,2425+2526,2627
12948,Mateus Fernandes,MF,understat,long-range shooter,0.418,4,28.5,0.12,2425+2526+2627,2627
5956,Youri Tielemans,MF,understat,long-range shooter,0.132,6,28.2,0.27,2425+2526+2627,2627
1386,Piotr Zielinski,MF,understat,long-range shooter,0.163,9,27.8,0.6,2425+2526+2627,2627
2621,Sergi Darder,MF,understat,long-range shooter,0.494,0,27.0,0.0,2425+2526,2627
10697,Ryan Gravenberch,MF,understat,long-range shooter,0.401,3,27.0,0.07,2425+2526+2627,2627
7438,James Garner,MF,understat,long-range shooter,0.182,1,26.5,0.05,2425+2526+2627,2627
7888,Nemanja Gudelj,MF,understat,long-range shooter,0.5,5,26.2,0.18,2425+2526+2627,2627
12263,Mikel Jauregizar,MF,understat,long-range shooter,0.311,1,25.8,0.04,2425+2526+2627,2627
5619,Pierre Lees-Melou,MF,understat,long-range shooter,0.557,4,25.0,0.11,2425+2526+2627,2627
7379,Nicolo Fagioli,MF,understat,long-range shooter,0.611,3,25.0,0.08,2425+2526+2627,2627
223,Joshua Kimmich,MF,understat,long-range shooter,0.281,1,23.5,0.02,2425+2526+2627,2627
7483,Hans Nicolussi Caviglia,MF,understat,long-range shooter,0.512,0,23.2,0.0,2425+2526,2627
7739,Joris Chotard,MF,understat,long-range shooter,0.54,6,23.2,0.22,2425+2526+2627,2627
7482,Kouadio Kone,MF,understat,long-range shooter,0.102,4,23.0,0.15,2425+2526+2627,2627
646,Christian Eriksen,MF,understat,long-range shooter,0.026,0,22.8,0.0,2425+2526,2627
1055,Aleix García,MF,understat,long-range shooter,0.523,4,22.8,0.19,2425+2526+2627,2627
8725,Luis Milla,MF,understat,long-range shooter,0.421,1,22.5,0.06,2425+2526+2627,2627
8912,Tommaso Pobega,MF,understat,long-range shooter,0.174,4,22.5,0.08,2425+2526+2627,2627
10818,Kévin Danois,MF,understat,long-range shooter,0.415,6,22.5,0.22,2425+2526+2627,2627
9218,Juan Iglesias,MF,understat,long-range shooter,0.229,4,22.2,0.44,2425+2526+2627,2627
11777,Cristian Cásseres Jr.,MF,understat,long-range shooter,0.293,5,22.2,0.44,2425+2526+2627,2627
14001,Nelson Deossa,MF,understat,long-range shooter,0.048,13,22.0,0.56,2526+2627,2627
8067,Reece James,MF,understat,long-range shooter,0.425,8,21.8,0.25,2425+2526+2627,2627
10494,Pablo Barrios Rivas,MF,understat,long-range shooter,0.563,3,21.8,0.13,2425+2526+2627,2627
11278,Gvidas Gineitis,MF,understat,long-range shooter,0.253,1,21.8,0.11,2425+2526+2627,2627
11945,Ylber Ramadani,MF,understat,long-range shooter,0.517,0,21.8,0.0,2425+2526,2627
4091,Unai López,MF,understat,long-range shooter,0.421,4,21.5,0.21,2425+2526+2627,2627
9243,Ilaix Moriba,MF,understat,long-range shooter,0.627,4,21.5,0.1,2425+2526+2627,2627
668,Idrissa Gueye,MF,understat,long-range shooter,0.558,0,21.2,0.0,2425+2526,2627
10527,Carlos Baleba,MF,understat,long-range shooter,0.511,0,21.0,0.0,2425+2526,2627
12915,Philipp Sander,MF,understat,long-range shooter,0.101,4,21.0,0.13,2425+2526+2627,2627
10744,Ryan Christie,MF,understat,long-range shooter,0.243,0,20.8,0.0,2425+2526,2627
11799,Lamine Camara,MF,understat,long-range shooter,0.385,2,20.8,0.15,2425+2526+2627,2627
13484,Mateus Mané,MF,understat,long-range shooter,0.284,0,20.5,0.0,2526,2627
11027,Emanuele Valeri,MF,understat,long-range shooter,0.186,2,20.2,0.04,2425+2526+2627,2627
12409,Adam Wharton,MF,understat,long-range shooter,0.39,1,20.2,0.01,2425+2526+2627,2627
12918,Kaishu Sano,MF,understat,long-range shooter,0.414,3,20.0,0.11,2425+2526+2627,2627
14358,Pape Diop,MF,understat,long-range shooter,0.535,5,19.5,0.23,2526+2627,2627
9893,Youssef Maleh,MF,understat,long-range shooter,0.46,4,19.2,0.22,2425+2526+2627,2627
12084,Martín Payero,MF,understat,long-range shooter,0.571,0,19.2,0.0,2425+2526,2627
10908,Medon Berisha,MF,understat,long-range shooter,0.352,1,19.0,0.03,2425+2526+2627,2627
5742,Hugo Magnetti,MF,understat,long-range shooter,0.368,3,18.8,0.1,2425+2526+2627,2627
6122,Douglas Luiz,MF,understat,long-range shooter,0.326,11,18.5,0.24,2425+2526+2627,2627
9453,Moisés Caicedo,MF,understat,long-range shooter,0.327,0,18.5,0.0,2425+2526,2627
11835,Senne Lynen,MF,understat,long-range shooter,0.321,0,18.5,0.0,2425+2526,2627
7166,Mathias Jensen,MF,understat,long-range shooter,0.257,2,18.0,0.09,2425+2526+2627,2627
3673,Valentin Rongier,MF,understat,long-range shooter,0.422,3,17.5,0.1,2425+2526+2627,2627
7410,Andras Schafer,MF,understat,long-range shooter,0.117,1,17.5,0.09,2425+2526+2627,2627
8183,Pablo Martínez,MF,understat,long-range shooter,0.243,3,17.0,0.08,2526+2627,2627
10383,Michel Aebischer,MF,understat,long-range shooter,0.268,5,17.0,0.18,2425+2526+2627,2627
204,Granit Xhaka,MF,understat,long-range shooter,0.441,1,16.8,0.06,2425+2526+2627,2627
2551,Pepelu,MF,understat,long-range shooter,0.082,1,16.5,0.05,2425+2526+2627,2627
11959,Matteo Prati,MF,understat,long-range shooter,0.563,0,16.5,0.0,2425+2526,2627
1206,Danilo Cataldi,MF,understat,long-range shooter,0.457,0,16.2,0.0,2425+2526,2627
7762,Jean-Ricner Bellegarde,MF,understat,long-range shooter,0.284,0,16.0,0.0,2425+2526,2627
10091,Tyler Morton,MF,understat,long-range shooter,0.412,2,16.0,0.06,2526+2627,2627
9465,Beñat Turrientes,MF,understat,long-range shooter,0.416,4,15.8,0.13,2425+2526+2627,2627
12451,Djaoui Cissé,MF,understat,long-range shooter,0.295,0,15.8,0.0,2425+2526,2627
2250,Luka Modric,MF,understat,long-range shooter,0.282,0,15.5,0.0,2425+2526,2627
7530,Samuele Ricci,MF,understat,long-range shooter,0.195,1,15.5,0.09,2425+2526+2627,2627
14400,Lucas Cepeda,MF,understat,long-range shooter,0.212,9,15.5,0.4,2526+2627,2627
10878,Sandi Lovric,MF,understat,long-range shooter,0.124,0,15.2,0.0,2425+2526,2627
11174,Kobbie Mainoo,MF,understat,long-range shooter,0.492,5,15.2,0.18,2425+2526+2627,2627
12853,Jesper Karlström,MF,understat,long-range shooter,0.1,2,15.2,0.31,2425+2526+2627,2627
6369,Ethan Ampadu,MF,understat,long-range shooter,0.264,2,15.0,0.04,2526+2627,2627
6902,Toma Basic,MF,understat,long-range shooter,0.409,0,15.0,0.0,2526,2627
9755,Inigo Ruiz de Galarreta,MF,understat,long-range shooter,0.496,2,14.8,0.06,2425+2526+2627,2627
12328,Arthur Avom,MF,understat,long-range shooter,0.373,4,14.5,0.13,2526+2627,2627
5086,Marc Roca,MF,understat,long-range shooter,0.028,3,14.0,0.14,2425+2526+2627,2627
6104,Will Hughes,MF,understat,long-range shooter,0.334,0,14.0,0.0,2425+2526,2627
8626,Nikola Moro,MF,understat,long-range shooter,0.489,0,14.0,0.0,2425+2526,2627
9854,Kristjan Asllani,MF,understat,long-range shooter,0.446,0,14.0,0.0,2425+2526,2627
11025,Pablo Torre,MF,understat,long-range shooter,0.089,0,14.0,0.0,2425+2526,2627
12777,Patrizio Masini,MF,understat,long-range shooter,0.003,3,14.0,0.05,2425+2526+2627,2627
6931,Fran Beltrán,MF,understat,long-range shooter,0.634,0,13.8,0.0,2425+2526,2627
10365,Morten Frendrup,MF,understat,long-range shooter,0.467,2,13.8,0.07,2425+2526+2627,2627
2609,Gerard Gumbau,MF,understat,long-range shooter,0.232,0,13.5,0.0,2425+2526,2627
153,Maximilian Arnold,MF,understat,long-range shooter,0.451,0,13.2,0.0,2425+2526,2627
914,Nabil Bentaleb,MF,understat,long-range shooter,0.52,3,13.2,0.1,2425+2526+2627,2627
7065,Florian Neuhaus,MF,understat,long-range shooter,0.273,0,13.2,0.0,2425+2526,2627
11772,Yehor Yarmolyuk,MF,understat,long-range shooter,0.194,3,13.2,0.07,2425+2526+2627,2627
5615,Valentin Rosier,MF,understat,long-range shooter,0.201,0,12.8,0.0,2425+2526,2627
7328,Maxence Caqueret,MF,understat,long-range shooter,0.003,0,12.8,0.0,2425+2526,2627
13887,Jobe Bellingham,MF,understat,long-range shooter,0.148,3,12.5,0.39,2526+2627,2627
2254,Mateo Kovacic,MF,understat,long-range shooter,0.194,0,12.2,0.0,2425+2526,2627
2328,Thomas Partey,MF,understat,long-range shooter,0.096,0,12.0,0.0,2425+2526,2627
3425,Thomas Lemar,MF,understat,long-range shooter,0.058,3,12.0,0.16,2425+2526+2627,2627
8267,Guido Rodríguez,MF,understat,long-range shooter,0.37,2,12.0,0.06,2425+2526+2627,2627
12975,Eric Smith,MF,understat,long-range shooter,0.476,0,12.0,0.0,2425+2526,2627
6863,Téji Savanier,MF,understat,long-range shooter,0.312,0,11.8,0.0,2425,2627
1710,Marten de Roon,MF,understat,long-range shooter,0.31,0,11.5,0.0,2425+2526,2627
6360,Antoine Bernede,MF,understat,long-range shooter,0.247,0,11.5,0.0,2425+2526,2627
7916,Pol Lozano,MF,understat,long-range shooter,0.602,1,11.5,0.03,2425+2526+2627,2627
13733,Andrija Bulatovic,MF,understat,long-range shooter,0.569,6,11.5,0.12,2526+2627,2627
6835,Tom Cairney,MF,understat,long-range shooter,0.448,0,11.2,0.0,2425+2526,2627
11766,Manuel Ugarte,MF,understat,long-range shooter,0.314,0,11.2,0.0,2425+2526,2627
4882,Laurent Abergel,MF,understat,long-range shooter,0.576,0,11.0,0.0,2526,2627
8861,Urko Gonzalez,MF,understat,long-range shooter,0.527,1,11.0,0.02,2425+2526+2627,2627
725,Ola Aina,MF,understat,long-range shooter,0.382,2,10.8,0.04,2425+2526+2627,2627
2269,Koke,MF,understat,long-range shooter,0.157,1,10.8,0.06,2425+2526+2627,2627
262,Leonardo Bittencourt,MF,understat,long-range shooter,0.22,0,10.2,0.0,2425+2526,2627
5722,Ibrahim Sangare,MF,understat,long-range shooter,0.411,2,10.2,0.02,2425+2526+2627,2627
11752,Amir Richardson,MF,understat,long-range shooter,0.021,7,10.2,0.26,2425+2526+2627,2627
11841,Maximilian Wittek,MF,understat,long-range shooter,0.244,0,10.2,0.0,2425,2627
13097,Mandela Keita,MF,understat,long-range shooter,0.539,1,10.2,0.02,2425+2526+2627,2627
697,Nemanja Matic,MF,understat,long-range shooter,0.497,4,10.0,0.09,2425+2526+2627,2627
13022,André,MF,understat,long-range shooter,0.53,0,10.0,0.0,2425+2526,2627
13861,Leon Avdullahu,MF,understat,long-range shooter,0.744,3,10.0,0.06,2526+2627,2627
13909,Kristoffer Lund,MF,understat,long-range shooter,0.481,0,10.0,0.0,2526,2627
6125,Stanislav Lobotka,MF,understat,long-range shooter,0.264,4,9.8,0.45,2425+2526+2627,2627
5133,Aarón Martín,MF,understat,long-range shooter,0.315,0,9.5,0.0,2425+2526,2627
9558,Hannibal Mejbri,MF,understat,long-range shooter,0.453,0,9.5,0.0,2526,2627
10790,Branco van den Boomen,MF,understat,long-range shooter,0.264,3,9.5,0.04,2526+2627,2627
11023,Josh Doig,MF,understat,long-range shooter,0.179,4,9.5,0.18,2526+2627,2627
13620,Miguel Román,MF,understat,long-range shooter,0.306,5,9.5,0.1,2526+2627,2627
4312,Marnon Busch,MF,understat,long-range shooter,0.112,0,9.2,0.0,2425+2526,2627
6088,Orel Mangala,MF,understat,long-range shooter,0.377,3,9.2,0.14,2425+2526+2627,2627
6411,Niklas Dorsch,MF,understat,long-range shooter,0.506,0,9.2,0.0,2425+2526,2627
6904,Ibrahima Sissoko,MF,understat,long-range shooter,0.087,0,9.2,0.0,2425+2526,2627
9802,Nico González,MF,understat,long-range shooter,0.311,0,9.2,0.0,2425+2526,2627
11395,Iker Muñoz,MF,understat,long-range shooter,0.327,2,9.2,0.15,2425+2526+2627,2627
12732,Yanis Zouaoui,MF,understat,long-range shooter,0.219,0,9.2,0.0,2425+2526,2627
11151,Marc Casadó,MF,understat,long-range shooter,0.086,0,9.0,0.0,2425+2526,2627
11859,Omar Traoré,MF,understat,long-range shooter,0.118,0,9.0,0.0,2425+2526,2627
13723,El Hadji Malick Diouf,MF,understat,long-range shooter,0.099,0,9.0,0.0,2526,2627
11953,Sergi Altimira,MF,understat,long-range shooter,0.204,0,8.8,0.0,2425+2526,2627
7411,Nicolo Rovella,MF,understat,long-range shooter,0.522,1,8.5,0.04,2425+2526+2627,2627
8283,Batista Mendy,MF,understat,long-range shooter,0.448,0,8.5,0.0,2526,2627
6570,Óscar Rodríguez,MF,understat,long-range shooter,0.054,0,8.2,0.0,2425,2627
7352,Tyler Adams,MF,understat,long-range shooter,0.2,1,8.2,0.02,2425+2526+2627,2627
8325,Exequiel Palacios,MF,understat,long-range shooter,0.115,0,8.2,0.0,2425+2526,2627
7631,Sebastian Szymanski,MF,understat,long-range shooter,0.293,2,8.0,0.06,2526+2627,2627
13953,Santiago Colombatto,MF,understat,long-range shooter,0.39,0,8.0,0.0,2526,2627
14050,Kervin Arriaga,MF,understat,long-range shooter,0.333,0,8.0,0.0,2526,2627
8383,Faustino Anjorin,MF,understat,long-range shooter,0.068,0,7.8,0.0,2425+2526,2627
11333,Josip Juranovic,MF,understat,long-range shooter,0.526,4,7.8,0.09,2425+2526+2627,2627
10898,Warren Bondo,MF,understat,long-range shooter,0.467,0,7.5,0.0,2425+2526,2627
13757,Alexis Vossah,MF,understat,long-range shooter,0.632,3,7.5,0.05,2526+2627,2627
9554,Tim Iroegbunam,MF,understat,long-range shooter,0.277,0,7.2,0.0,2425+2526,2627
13423,Al Musrati,MF,understat,long-range shooter,0.335,0,7.2,0.0,2425+2526,2627
13755,Mário Sauer,MF,understat,long-range shooter,0.326,0,7.0,0.0,2526,2627
1248,Leandro Paredes,MF,understat,long-range shooter,0.606,0,6.5,0.0,2425,2627
3495,Pierrick Capelle,MF,understat,long-range shooter,0.378,0,6.5,0.0,2425+2526,2627
8969,Florentino Luís,MF,understat,long-range shooter,0.11,0,6.5,0.0,2526,2627
9322,Alessandro Bianco,MF,understat,long-range shooter,0.471,0,6.5,0.0,2425,2627
13936,Jon Gorrotxategi,MF,understat,long-range shooter,0.177,0,6.5,0.0,2526,2627
5240,Ondrej Duda,MF,understat,long-range shooter,0.612,0,6.2,0.0,2425,2627
10284,Pierre Ekwah,MF,understat,long-range shooter,0.443,0,6.2,0.0,2425,2627
843,James Ward-Prowse,MF,understat,long-range shooter,0.37,0,6.0,0.0,2425+2526,2627
1814,Giacomo Calo,MF,understat,long-range shooter,0.282,6,6.0,0.36,2627,2627
8856,Razvan Marin,MF,understat,long-range shooter,0.307,0,6.0,0.0,2425,2627
12284,Samir El Mourabet,MF,understat,long-range shooter,0.461,0,6.0,0.0,2526,2627
14741,Facundo Bernal,MF,understat,long-range shooter,0.466,6,6.0,0.15,2627,2627
14823,Mamady Diambou,MF,understat,long-range shooter,0.229,6,6.0,0.36,2627,2627
9065,Nahuel Estévez,MF,understat,long-range shooter,0.437,0,5.8,0.0,2425+2526,2627
971,Harry Winks,MF,understat,long-range shooter,0.541,3,5.5,0.09,2425+2627,2627
1018,Josh Cullen,MF,understat,long-range shooter,0.105,0,5.5,0.0,2526,2627
5509,Hernani,MF,understat,long-range shooter,0.316,0,5.5,0.0,2425+2526,2627
7925,Liam Henderson,MF,understat,long-range shooter,0.459,0,5.5,0.0,2425,2627
10770,Soungoutou Magassa,MF,understat,long-range shooter,0.007,0,5.5,0.0,2425+2526,2627
13627,Alejandro Rego,MF,understat,long-range shooter,0.524,0,5.5,0.0,2526,2627
14347,Oumar Ngom,MF,understat,long-range shooter,0.501,3,5.5,0.05,2526+2627,2627
5609,Yves Bissouma,MF,understat,long-range shooter,0.108,0,5.2,0.0,2425+2526,2627
6333,Elisha Owusu,MF,understat,long-range shooter,0.709,0,5.2,0.0,2425+2526,2627
8372,Lucas Gourna Douath,MF,understat,long-range shooter,0.079,0,5.2,0.0,2425+2526,2627
1789,Lewis Cook,MF,understat,long-range shooter,0.5,0,5.0,0.0,2425+2526,2627
8764,Oriol Rey,MF,understat,long-range shooter,0.059,1,5.0,0.03,2526+2627,2627
10067,Rubén Sánchez,MF,understat,long-range shooter,0.317,1,5.0,0.01,2526+2627,2627
11228,Laurin Ulrich,MF,understat,long-range shooter,0.149,5,5.0,0.23,2627,2627
13699,Kwasi Sibo,MF,understat,long-range shooter,0.432,0,5.0,0.0,2526,2627
15016,Soufiane El-Faouzi,MF,understat,long-range shooter,0.094,5,5.0,0.22,2627,2627
372,Julian Weigl,MF,understat,low-volume MF,0.355,0,4.8,0.0,2425,2627
497,Francis Coquelin,MF,understat,low-volume MF,0.093,0,4.8,0.0,2425+2526,2627
604,Emre Can,MF,understat,low-volume MF,0.335,0,4.8,0.0,2425+2526,2627
1145,Rodrigo de Paul,MF,understat,low-volume MF,0.198,0,4.8,0.0,2425,2627
7781,Frenkie de Jong,MF,understat,low-volume MF,0.544,0,4.8,0.0,2425+2526,2627
7867,Robert Skov,MF,understat,low-volume MF,0.059,0,4.8,0.0,2425+2526,2627
12376,Lucas Michal,MF,understat,low-volume MF,0.159,0,4.8,0.0,2425+2526,2627
12754,Jack Taylor,MF,understat,low-volume MF,0.181,0,4.8,0.0,2425,2627
12757,Harrison Armstrong,MF,understat,low-volume MF,0.093,2,4.8,0.09,2425+2526+2627,2627
489,James Milner,MF,understat,low-volume MF,0.547,0,4.5,0.0,2425+2526,2627
2104,Sergi Roberto,MF,understat,low-volume MF,0.602,0,4.5,0.0,2425+2526,2627
5298,Arne Maier,MF,understat,low-volume MF,0.097,0,4.5,0.0,2425,2627
5353,Josip Brekalo,MF,understat,low-volume MF,0.097,0,4.5,0.0,2526,2627
6163,Nélson Semedo,MF,understat,low-volume MF,0.078,0,4.5,0.0,2425,2627
7236,Leander Dendoncker,MF,understat,low-volume MF,0.294,0,4.5,0.0,2526,2627
7730,Jean-Charles Castelletto,MF,understat,low-volume MF,0.558,0,4.5,0.0,2425,2627
9505,Beñat Prados,MF,understat,low-volume MF,0.426,0,4.5,0.0,2425+2526,2627
10390,Ismaël Doukouré,MF,understat,low-volume MF,0.256,0,4.5,0.0,2425+2526,2627
10872,Vinicius Souza,MF,understat,low-volume MF,0.273,0,4.5,0.0,2526,2627
11231,Ben Doak,MF,fc26,low-volume MF,0.017,3,4.5,0.18,2526+2627,2627
11461,Romaine Mundle,MF,understat,low-volume MF,0.207,1,4.5,0.26,2526+2627,2627
12601,Darryl Bakola,MF,understat,low-volume MF,0.402,2,4.5,0.37,2526+2627,2627
13608,Ilyas Azizi,MF,understat,low-volume MF,0.49,4,4.5,0.16,2526+2627,2627
13626,Quentin Ndjantou,MF,understat,low-volume MF,0.047,0,4.5,0.0,2526,2627
13734,Adam Karabec,MF,understat,low-volume MF,0.045,0,4.5,0.0,2526,2627
13749,Dro Fernández,MF,understat,low-volume MF,0.347,0,4.5,0.0,2526,2627
13752,Gabin Bernardeau,MF,understat,low-volume MF,0.288,3,4.5,0.42,2526+2627,2627
13895,Ardon Jashari,MF,understat,low-volume MF,0.472,1,4.5,0.52,2526+2627,2627
14369,Felipe Loyola,MF,understat,low-volume MF,0.312,0,4.5,0.0,2526,2627
14371,Kento Shiogai,MF,understat,low-volume MF,0.401,0,4.5,0.0,2526,2627
14421,Samuele Inácio,MF,understat,low-volume MF,0.442,0,4.5,0.0,2526,2627
1226,Karol Linetty,MF,understat,low-volume MF,0.094,0,4.2,0.0,2425,2627
1299,Mario Lemina,MF,understat,low-volume MF,0.297,0,4.2,0.0,2425,2627
2122,Joan Jordán,MF,understat,low-volume MF,0.218,0,4.2,0.0,2425,2627
2446,Dani Ceballos,MF,understat,low-volume MF,0.184,1,4.2,0.04,2425+2526+2627,2627
5996,Adrien Tameze,MF,understat,low-volume MF,0.259,0,4.2,0.0,2425+2526,2627
8148,Timo Becker,MF,understat,low-volume MF,0.141,0,4.2,0.0,2425,2627
9274,Naouirou Ahamada,MF,understat,low-volume MF,0.481,1,4.2,0.02,2425+2526+2627,2627
9876,Alessandro Zanoli,MF,understat,low-volume MF,0.068,0,4.2,0.0,2425+2526,2627
10166,Kasey McAteer,MF,understat,low-volume MF,0.179,1,4.2,0.02,2425+2627,2627
10766,Joe Ayodele-Aribo,MF,understat,low-volume MF,0.551,0,4.2,0.0,2425,2627
12878,Issa Doumbia,MF,understat,low-volume MF,0.473,0,4.2,0.0,2425,2627
12882,Jordan James,MF,understat,low-volume MF,0.037,0,4.2,0.0,2425,2627
1516,Geoffrey Kondogbia,MF,understat,low-volume MF,0.503,0,4.0,0.0,2425+2526,2627
5584,Aaron Wan-Bissaka,MF,understat,low-volume MF,0.508,0,4.0,0.0,2425,2627
7258,Joaquín Muñoz,MF,understat,low-volume MF,0.305,4,4.0,0.09,2627,2627
7556,Alexandre Lauray,MF,understat,low-volume MF,0.211,4,4.0,0.12,2627,2627
7763,Fabien Centonze,MF,understat,low-volume MF,0.243,0,4.0,0.0,2526,2627
7927,Sofyan Amrabat,MF,understat,low-volume MF,0.01,0,4.0,0.0,2526,2627
8425,Giorgi Kochorashvili,MF,understat,low-volume MF,0.124,4,4.0,0.15,2627,2627
8689,Yvan Neyou,MF,understat,low-volume MF,0.5,0,4.0,0.0,2425,2627
8807,Silas Wamangituka,MF,understat,low-volume MF,0.443,0,4.0,0.0,2526,2627
9127,Lukas Petkov,MF,understat,low-volume MF,0.051,4,4.0,0.19,2627,2627
9279,Krépin Diatta,MF,understat,low-volume MF,0.425,0,4.0,0.0,2425+2526,2627
9621,Florian Tardieu,MF,understat,low-volume MF,0.261,0,4.0,0.0,2425,2627
9746,Christos Tzolis,MF,understat,low-volume MF,0.306,4,4.0,0.24,2627,2627
10004,Romeo Lavia,MF,understat,low-volume MF,0.1,2,4.0,1.23,2425+2526+2627,2627
10922,Rayan Raveloson,MF,understat,low-volume MF,0.342,0,4.0,0.0,2425,2627
11140,Enzo Barrenechea,MF,understat,low-volume MF,0.345,0,4.0,0.0,2425,2627
11157,Sael Kumbedi,MF,understat,low-volume MF,0.415,0,4.0,0.0,2425+2526,2627
12347,Luis Hasa,MF,fc26,low-volume MF,0.116,4,4.0,0.16,2627,2627
12977,Lars Ritzka,MF,understat,low-volume MF,0.3,0,4.0,0.0,2425+2526,2627
13058,Benjamin Bouchouari,MF,understat,low-volume MF,0.33,0,4.0,0.0,2425,2627
13836,Álvaro Núñez,MF,understat,low-volume MF,0.19,1,4.0,0.01,2526+2627,2627
14025,Alessio Castro-Montes,MF,understat,low-volume MF,0.551,0,4.0,0.0,2526,2627
14316,Nicolás Fonseca,MF,understat,low-volume MF,0.611,0,4.0,0.0,2526,2627
14792,Manga Foe Ondoa,MF,understat,low-volume MF,0.107,4,4.0,0.13,2627,2627
14831,Mouhamed Diop,MF,understat,low-volume MF,0.2,4,4.0,0.25,2627,2627
14915,Jonathan Dubasin,MF,understat,low-volume MF,0.41,4,4.0,1.06,2627,2627
14957,Laurin Curda,MF,understat,low-volume MF,0.323,4,4.0,0.4,2627,2627
565,Nyom,MF,understat,low-volume MF,0.313,0,3.8,0.0,2425+2526,2627
638,Kyle Walker,MF,understat,low-volume MF,0.063,0,3.8,0.0,2425+2526,2627
1474,Alfred Duncan,MF,understat,low-volume MF,0.074,0,3.8,0.0,2425,2627
7758,Cheikh Niasse,MF,understat,low-volume MF,0.156,0,3.8,0.0,2425+2526,2627
8828,Ivan Ilic,MF,understat,low-volume MF,0.002,1,3.8,0.05,2425+2627,2627
11339,Youssouf Ndayishimiye,MF,understat,low-volume MF,0.266,1,3.8,0.03,2425+2627,2627
11826,Carlos Benavídez,MF,understat,low-volume MF,0.46,1,3.8,0.08,2425+2526+2627,2627
12919,Nikolas Veratschnig,MF,understat,low-volume MF,0.323,0,3.8,0.0,2425+2526,2627
13123,Peio Canales,MF,understat,low-volume MF,0.325,3,3.8,0.12,2425+2627,2627
13389,Devyne Rensch,MF,understat,low-volume MF,0.076,0,3.8,0.0,2425+2526,2627
74,Pavel Kaderábek,MF,understat,low-volume MF,0.337,0,3.5,0.0,2425,2627
965,Santiago Cazorla,MF,understat,low-volume MF,0.052,0,3.5,0.0,2526,2627
3278,Maxwel Cornet,MF,understat,low-volume MF,0.522,0,3.5,0.0,2425+2526,2627
4226,Darwin Machís,MF,understat,low-volume MF,0.178,0,3.5,0.0,2425,2627
6762,Yacine Adli,MF,understat,low-volume MF,0.105,0,3.5,0.0,2425,2627
8000,Ilia Gruev,MF,understat,low-volume MF,0.104,0,3.5,0.0,2526,2627
8554,Rafael Obrador,MF,understat,low-volume MF,0.01,0,3.5,0.0,2526,2627
8710,Renato Tapia,MF,understat,low-volume MF,0.133,0,3.5,0.0,2425,2627
8728,Oier Zarraga,MF,understat,low-volume MF,0.318,0,3.5,0.0,2425+2526,2627
10075,Romano Floriani,MF,understat,low-volume MF,0.344,1,3.5,0.06,2526+2627,2627
11080,Valentín Carboni,MF,understat,low-volume MF,0.134,0,3.5,0.0,2425+2526,2627
11754,Teddy Teuma,MF,understat,low-volume MF,0.073,0,3.5,0.0,2425,2627
11796,Étienne Youté,MF,understat,low-volume MF,0.093,0,3.5,0.0,2425,2627
12163,Amadou Koné,MF,understat,low-volume MF,0.356,0,3.5,0.0,2425,2627
12392,Arthur Vermeeren,MF,understat,low-volume MF,0.178,1,3.5,0.08,2425+2526+2627,2627
13291,Patrice Covic,MF,understat,low-volume MF,0.4,1,3.5,0.03,2526+2627,2627
13349,Lorenzo Venturino,MF,understat,low-volume MF,0.418,0,3.5,0.0,2425+2526,2627
13737,Mathys de Carvalho,MF,understat,low-volume MF,0.25,0,3.5,0.0,2526,2627
14034,Bahmed Deuff,MF,understat,low-volume MF,0.026,0,3.5,0.0,2526,2627
14406,Noah Nartey,MF,understat,low-volume MF,0.624,1,3.5,0.06,2526+2627,2627
1430,Milan Badelj,MF,understat,low-volume MF,0.188,0,3.2,0.0,2425,2627
3275,Jordan Ferri,MF,understat,low-volume MF,0.377,0,3.2,0.0,2425,2627
7732,Haris Belkebla,MF,understat,low-volume MF,0.082,0,3.2,0.0,2425+2526,2627
8872,Matteo Ruggeri,MF,understat,low-volume MF,0.229,0,3.2,0.0,2425+2526,2627
9406,Nathan Broadhead,MF,understat,low-volume MF,0.682,0,3.2,0.0,2425,2627
10071,Lennard Maloney,MF,understat,low-volume MF,0.078,0,3.2,0.0,2425+2526,2627
10866,Luis Sinisterra,MF,understat,low-volume MF,0.146,0,3.2,0.0,2425,2627
12748,Sam Morsy,MF,understat,low-volume MF,0.65,0,3.2,0.0,2425,2627
12808,Mathis Amougou,MF,understat,low-volume MF,0.294,0,3.2,0.0,2425+2526,2627
13016,Hong Hyun-Seok,MF,understat,low-volume MF,0.48,0,3.2,0.0,2425+2526,2627
605,Jordan Henderson,MF,understat,low-volume MF,0.095,0,3.0,0.0,2526,2627
1045,Matt Grimes,MF,understat,low-volume MF,0.256,3,3.0,0.07,2627,2627
1489,Franck Kessié,MF,understat,low-volume MF,0.276,3,3.0,0.58,2627,2627
3290,Benjamin Stambouli,MF,understat,low-volume MF,0.345,0,3.0,0.0,2526,2627
4250,Nicolas Höfler,MF,understat,low-volume MF,0.396,0,3.0,0.0,2425+2526,2627
5037,Darko Brasanac,MF,understat,low-volume MF,0.658,0,3.0,0.0,2425,2627
5077,Mikel Vesga,MF,understat,low-volume MF,0.392,0,3.0,0.0,2425+2526,2627
6151,Djené Dakonam,MF,understat,low-volume MF,0.038,0,3.0,0.0,2425+2526,2627
6325,Andoni Gorosabel,MF,understat,low-volume MF,0.011,0,3.0,0.0,2425+2526,2627
7502,Iron Gomis,MF,understat,low-volume MF,0.33,3,3.0,0.15,2627,2627
7524,Tuta,MF,understat,low-volume MF,0.357,0,3.0,0.0,2425,2627
7773,Zinedine Ferhat,MF,understat,low-volume MF,0.151,0,3.0,0.0,2425,2627
8109,Niels Nkounkou,MF,understat,low-volume MF,0.302,0,3.0,0.0,2425+2526,2627
9199,John Donald,MF,understat,low-volume MF,0.573,0,3.0,0.0,2526,2627
9520,Hugo Sotelo,MF,understat,low-volume MF,0.212,1,3.0,0.09,2425+2526+2627,2627
9682,Mads Bidstrup,MF,understat,low-volume MF,0.382,3,3.0,0.21,2627,2627
9787,Kaito Mizuta,MF,understat,low-volume MF,0.115,3,3.0,0.09,2627,2627
10131,Lucas Calodat,MF,understat,low-volume MF,0.171,3,3.0,0.42,2627,2627
10188,Peter,MF,understat,low-volume MF,0.418,0,3.0,0.0,2425,2627
10301,Jens Cajuste,MF,understat,low-volume MF,0.339,0,3.0,0.0,2425,2627
10903,Morten Hjulmand,MF,understat,low-volume MF,0.176,3,3.0,0.14,2627,2627
11049,Reda Belahyane,MF,understat,low-volume MF,0.089,0,3.0,0.0,2425+2526,2627
11074,Denis Huseinbasic,MF,understat,low-volume MF,0.102,0,3.0,0.0,2526,2627
11456,Matvey Kislyak,MF,understat,low-volume MF,0.486,3,3.0,0.13,2627,2627
11540,Carlos Dotor,MF,understat,low-volume MF,0.619,3,3.0,0.24,2627,2627
11876,Luca Marianucci,MF,understat,low-volume MF,0.095,0,3.0,0.0,2425+2526,2627
11926,Edson Álvarez,MF,understat,low-volume MF,0.28,0,3.0,0.0,2425,2627
12313,Francis-Ikechukwu Onyeka,MF,understat,low-volume MF,0.364,3,3.0,0.41,2627,2627
12566,Alberto Risco,MF,understat,low-volume MF,0.102,2,3.0,0.13,2425+2627,2627
13483,Alex Marchal,MF,shot-profile,low-volume MF,0.368,3,3.0,0.16,2627,2627
13753,Djibril Coulibaly,MF,understat,low-volume MF,0.33,3,3.0,0.09,2627,2627
13848,Thiago Pitarch,MF,understat,low-volume MF,0.181,0,3.0,0.0,2526,2627
13872,Max Dowman,MF,understat,low-volume MF,0.471,0,3.0,0.0,2526,2627
14047,Isak Vural,MF,understat,low-volume MF,0.523,0,3.0,0.0,2526,2627
14049,Abu Francis,MF,understat,low-volume MF,0.348,0,3.0,0.0,2526,2627
14267,Felipe Chávez,MF,shot-profile,low-volume MF,0.159,0,3.0,0.0,2526,2627
14390,Mathias Rasmussen,MF,understat,low-volume MF,0.529,0,3.0,0.0,2526,2627
14689,Maguette Gueye,MF,understat,low-volume MF,0.543,3,3.0,0.45,2627,2627
14736,Haitam Abaida,MF,shot-profile,low-volume MF,0.343,3,3.0,0.27,2627,2627
14762,Regan Slater,MF,understat,low-volume MF,0.3,3,3.0,0.06,2627,2627
14763,Elliot Stroud,MF,understat,low-volume MF,0.208,3,3.0,0.07,2627,2627
14764,Liam Millar,MF,fc26,low-volume MF,0.036,3,3.0,0.36,2627,2627
14772,Daizen Maeda,MF,understat,low-volume MF,0.05,3,3.0,0.78,2627,2627
14793,Mathis Mout,MF,understat,low-volume MF,0.203,3,3.0,0.1,2627,2627
14830,Hugo Picard,MF,understat,low-volume MF,0.006,3,3.0,0.12,2627,2627
14958,Santiago Castañeda,MF,understat,low-volume MF,0.315,3,3.0,0.1,2627,2627
14981,Ephron Mason-Clark,MF,understat,low-volume MF,0.365,3,3.0,0.32,2627,2627
14992,Joey Veerman,MF,understat,low-volume MF,0.256,3,3.0,0.2,2627,2627
15009,Jean Vercruysse,MF,understat,low-volume MF,0.29,3,3.0,0.19,2627,2627
308,Ricardo Rodríguez,MF,understat,low-volume MF,0.078,0,2.8,0.0,2425+2526,2627
987,Joseph Gomez,MF,understat,low-volume MF,0.303,0,2.8,0.0,2425+2526,2627
1078,Sergi Canos,MF,understat,low-volume MF,0.213,0,2.8,0.0,2425,2627
1326,Assane Diousse,MF,understat,low-volume MF,0.147,0,2.8,0.0,2425+2526,2627
2383,André Gomes,MF,understat,low-volume MF,0.279,0,2.8,0.0,2425,2627
3370,Issiaga Sylla,MF,understat,low-volume MF,0.047,0,2.8,0.0,2425,2627
5352,Niklas Schmidt,MF,understat,low-volume MF,0.451,2,2.8,0.05,2425+2627,2627
6034,Philip Billing,MF,understat,low-volume MF,0.685,0,2.8,0.0,2425,2627
7197,Fredrik Jensen,MF,understat,low-volume MF,0.619,0,2.8,0.0,2425,2627
8719,Kalvin Phillips,MF,understat,low-volume MF,0.378,0,2.8,0.0,2425,2627
9978,Azor Matusiwa,MF,understat,low-volume MF,0.678,0,2.8,0.0,2425,2627
10128,Javi Llabrés,MF,understat,low-volume MF,0.155,0,2.8,0.0,2425+2526,2627
10493,Magnus Knudsen,MF,understat,low-volume MF,0.149,0,2.8,0.0,2425,2627
12939,Lasse Rosenboom,MF,understat,low-volume MF,0.562,0,2.8,0.0,2425,2627
12965,Bence Dárdai,MF,understat,low-volume MF,0.596,0,2.8,0.0,2425,2627
13021,Ramón Sosa,MF,understat,low-volume MF,0.243,0,2.8,0.0,2425,2627
116,Florian Grillitsch,MF,understat,low-volume MF,0.197,0,2.5,0.0,2425,2627
586,John Stones,MF,understat,low-volume MF,0.43,2,2.5,0.1,2425+2627,2627
5041,Benito Ramírez,MF,understat,low-volume MF,0.071,0,2.5,0.0,2425,2627
8746,Aïmen Moueffek,MF,understat,low-volume MF,0.48,0,2.5,0.0,2425,2627
9010,Hamza Rafia,MF,understat,low-volume MF,0.125,0,2.5,0.0,2425,2627
9170,John Finn,MF,understat,low-volume MF,0.116,0,2.5,0.0,2425,2627
10614,Damián Rodríguez,MF,understat,low-volume MF,0.096,0,2.5,0.0,2425+2526,2627
10845,Flynn Downes,MF,understat,low-volume MF,0.486,0,2.5,0.0,2425,2627
10884,Álvaro Aguado,MF,understat,low-volume MF,0.145,0,2.5,0.0,2425,2627
11962,Oussama El Azzouzi,MF,understat,low-volume MF,0.495,0,2.5,0.0,2526,2627
12046,Jhon Solis,MF,understat,low-volume MF,0.465,0,2.5,0.0,2425+2526,2627
12192,Othmane Maamma,MF,understat,low-volume MF,0.086,0,2.5,0.0,2425,2627
12961,Hamzat Ojediran,MF,understat,low-volume MF,0.568,0,2.5,0.0,2425,2627
12994,Gabriel Moscardo,MF,understat,low-volume MF,0.311,2,2.5,0.09,2425+2627,2627
13151,Mattia Liberali,MF,understat,low-volume MF,0.394,2,2.5,0.09,2425+2627,2627
13839,Marc Aguado,MF,understat,low-volume MF,0.291,1,2.5,0.09,2526+2627,2627
13873,Nicolae Stanciu,MF,understat,low-volume MF,0.598,0,2.5,0.0,2526,2627
13916,Rafael Luís,MF,understat,low-volume MF,0.208,0,2.5,0.0,2526,2627
14031,Charles Vanhoutte,MF,understat,low-volume MF,0.356,0,2.5,0.0,2526,2627
14147,Believe Munongo,MF,understat,low-volume MF,0.364,0,2.5,0.0,2526,2627
14324,Iker Luque,MF,shot-profile,low-volume MF,0.396,1,2.5,0.05,2526+2627,2627
14337,Youssoupha Niang,MF,understat,low-volume MF,0.538,0,2.5,0.0,2526,2627
14439,Obed Vargas,MF,understat,low-volume MF,0.158,0,2.5,0.0,2526,2627
14608,Mezian Soares,MF,understat,low-volume MF,0.208,2,2.5,0.05,2526+2627,2627
8496,Tommy Doyle,MF,understat,low-volume MF,0.039,0,2.2,0.0,2425,2627
8647,Thibault De Smet,MF,understat,low-volume MF,0.245,0,2.2,0.0,2425+2526,2627
9242,Max Geschwill,MF,understat,low-volume MF,0.213,0,2.2,0.0,2425,2627
11838,Frans Krätzig,MF,understat,low-volume MF,0.559,0,2.2,0.0,2425,2627
12724,Adama Boiro,MF,understat,low-volume MF,0.254,0,2.2,0.0,2425+2526,2627
12826,Lasso Coulibaly,MF,understat,low-volume MF,0.438,0,2.2,0.0,2425+2526,2627
12945,Mats Pannewig,MF,understat,low-volume MF,0.48,0,2.2,0.0,2425,2627
12971,Andrés Gómez,MF,understat,low-volume MF,0.088,0,2.2,0.0,2425,2627
98,Kenan Karaman,MF,understat,low-volume MF,0.509,2,2.0,0.15,2627,2627
552,Ander Herrera,MF,understat,low-volume MF,0.601,0,2.0,0.0,2425,2627
1022,Pedro Chirivella,MF,understat,low-volume MF,0.156,0,2.0,0.0,2425,2627
5229,Raphael Obermair,MF,understat,low-volume MF,0.351,2,2.0,0.07,2627,2627
5294,Salih Özcan,MF,understat,low-volume MF,0.558,0,2.0,0.0,2425+2526,2627
5442,Ivan Oblyakov,MF,understat,low-volume MF,0.611,2,2.0,0.13,2627,2627
5459,Konstantin Kuchaev,MF,understat,low-volume MF,0.093,2,2.0,0.11,2627,2627
7185,Alexey Mironov,MF,understat,low-volume MF,0.104,2,2.0,0.05,2627,2627
7540,Theo Sainte Luce,MF,understat,low-volume MF,0.39,0,2.0,0.0,2425,2627
7809,Mads Pedersen,MF,understat,low-volume MF,0.471,0,2.0,0.0,2425+2526,2627
7909,Gaetano Castrovilli,MF,understat,low-volume MF,0.211,0,2.0,0.0,2425,2627
7938,Tommaso Augello,MF,understat,low-volume MF,0.094,0,2.0,0.0,2425,2627
9797,Dejan Ljubicic,MF,understat,low-volume MF,0.131,2,2.0,0.14,2627,2627
10526,Abu Kamara,MF,understat,low-volume MF,0.509,0,2.0,0.0,2526,2627
10733,Bartol Franjic,MF,understat,low-volume MF,0.143,2,2.0,0.44,2627,2627
10955,Alex Sala,MF,understat,low-volume MF,0.279,0,2.0,0.0,2526,2627
11246,Amar Ahmed Fatah,MF,shot-profile,low-volume MF,0.108,2,2.0,0.05,2627,2627
11266,Manu Bueno,MF,understat,low-volume MF,0.253,0,2.0,0.0,2425+2526,2627
11455,Kirill Glebov,MF,understat,low-volume MF,0.285,2,2.0,0.12,2627,2627
11594,Shea Charles,MF,understat,low-volume MF,0.352,2,2.0,0.06,2627,2627
11869,Gustavo Puerta,MF,understat,low-volume MF,0.142,2,2.0,0.07,2627,2627
11894,Max Finkgrafe,MF,understat,low-volume MF,0.324,0,2.0,0.0,2526,2627
11956,Paulo Azzi,MF,understat,low-volume MF,0.441,0,2.0,0.0,2425,2627
12011,Seydou Fini,MF,understat,low-volume MF,0.267,2,2.0,0.37,2627,2627
12297,David Otorbi,MF,understat,low-volume MF,0.443,2,2.0,0.11,2627,2627
12875,Magnus Kofod Andersen,MF,understat,low-volume MF,0.365,0,2.0,0.0,2425,2627
12894,Stanko Juric,MF,understat,low-volume MF,0.34,0,2.0,0.0,2425,2627
13134,Ryan Manning,MF,understat,low-volume MF,0.245,0,2.0,0.0,2425,2627
13436,Iván Jaime,MF,understat,low-volume MF,0.596,0,2.0,0.0,2425,2627
13552,Hamidou Makalou,MF,understat,low-volume MF,0.293,0,2.0,0.0,2526,2627
13783,Marius Broholm,MF,understat,low-volume MF,0.44,0,2.0,0.0,2526,2627
13906,Nordan Mukiele,MF,shot-profile,low-volume MF,0.263,0,2.0,0.0,2526,2627
13942,Malthe Højholt,MF,understat,low-volume MF,0.605,0,2.0,0.0,2526,2627
14167,Selton Sánchez,MF,understat,low-volume MF,0.64,0,2.0,0.0,2526,2627
14198,Shea Lacey,MF,shot-profile,low-volume MF,0.024,0,2.0,0.0,2526,2627
14426,Alex Amorim,MF,understat,low-volume MF,0.208,1,2.0,0.02,2526+2627,2627
14440,Álvaro Fidalgo,MF,understat,low-volume MF,0.093,0,2.0,0.0,2526,2627
14499,Tochukwu Nnadi,MF,understat,low-volume MF,0.657,0,2.0,0.0,2526,2627
14555,Javier Morcillo,MF,understat,low-volume MF,0.088,1,2.0,0.01,2526+2627,2627
14628,Lamfia Dioubaté,MF,shot-profile,low-volume MF,0.17,2,2.0,0.03,2627,2627
14681,Mikel Rodríguez,MF,understat,low-volume MF,0.571,2,2.0,0.65,2627,2627
14701,Enzo Bardeli,MF,understat,low-volume MF,0.193,2,2.0,0.05,2627,2627
14722,Arnau Ortiz,MF,understat,low-volume MF,0.119,2,2.0,0.53,2627,2627
14745,Brandon Thomas-Asante,MF,understat,low-volume MF,0.586,2,2.0,0.1,2627,2627
14769,Hayden Hackney,MF,understat,low-volume MF,0.453,2,2.0,0.08,2627,2627
14846,Ethan Meichtry,MF,fc26,low-volume MF,0.706,2,2.0,0.48,2627,2627
14871,Anis Soubeir,MF,understat,low-volume MF,0.435,2,2.0,0.43,2627,2627
14898,Kian Fitz-Jim,MF,understat,low-volume MF,0.211,2,2.0,0.03,2627,2627
14924,Yeremay Hernández,MF,understat,low-volume MF,0.572,2,2.0,0.19,2627,2627
14936,Nathan Saliba,MF,understat,low-volume MF,0.573,2,2.0,0.19,2627,2627
14943,Felix Keidel,MF,understat,low-volume MF,0.331,2,2.0,0.09,2627,2627
14967,Mathieu Nguefack,MF,understat,low-volume MF,0.022,2,2.0,0.15,2627,2627
14995,Isak Jensen,MF,fc26,low-volume MF,0.11,2,2.0,0.05,2627,2627
15079,Exequiel Zeballos,MF,fc26,low-volume MF,0.128,2,2.0,0.06,2627,2627
169,Lewis Holtby,MF,understat,low-volume MF,0.282,0,1.8,0.0,2425,2627
188,Kevin Kampl,MF,understat,low-volume MF,0.374,0,1.8,0.0,2425,2627
910,Harrison Reed,MF,understat,low-volume MF,0.318,0,1.8,0.0,2425+2526,2627
1161,Francesco Zampano,MF,understat,low-volume MF,0.106,0,1.8,0.0,2425,2627
1465,Stefano Sensi,MF,understat,low-volume MF,0.357,0,1.8,0.0,2425,2627
6310,Boubakary Soumare,MF,understat,low-volume MF,0.43,0,1.8,0.0,2425,2627
6424,Ben Johnson,MF,understat,low-volume MF,0.427,0,1.8,0.0,2425,2627
6712,Enzo Loiodice,MF,understat,low-volume MF,0.142,0,1.8,0.0,2425,2627
7195,Roberto López,MF,understat,low-volume MF,0.108,0,1.8,0.0,2425,2627
8224,William Smallbone,MF,understat,low-volume MF,0.465,0,1.8,0.0,2425,2627
8401,Luca Netz,MF,understat,low-volume MF,0.039,0,1.8,0.0,2425+2526,2627
8666,Cheick Oumar Doucoure,MF,understat,low-volume MF,0.357,0,1.8,0.0,2425,2627
9518,Edoardo Bove,MF,understat,low-volume MF,0.778,0,1.8,0.0,2425,2627
9709,Erhan Masovic,MF,understat,low-volume MF,0.263,0,1.8,0.0,2425,2627
10595,Umut Tohumcu,MF,understat,low-volume MF,0.397,0,1.8,0.0,2425+2526,2627
11319,Justin Diehl,MF,understat,low-volume MF,0.251,0,1.8,0.0,2425,2627
11786,Becir Omeragic,MF,understat,low-volume MF,0.346,0,1.8,0.0,2425,2627
11834,Adrià Alti,MF,understat,low-volume MF,0.13,0,1.8,0.0,2425,2627
11957,Antoine Makoumbou,MF,understat,low-volume MF,0.078,0,1.8,0.0,2425,2627
12143,Mahamadou Diawara,MF,understat,low-volume MF,0.223,0,1.8,0.0,2425,2627
12749,Wes Burns,MF,understat,low-volume MF,0.419,0,1.8,0.0,2425,2627
12788,Anas Haj Mohamed,MF,understat,low-volume MF,0.813,0,1.8,0.0,2425,2627
12903,Rafael Bauza,MF,understat,low-volume MF,0.086,1,1.8,0.01,2425+2627,2627
13158,Marius Courcoul,MF,understat,low-volume MF,0.368,0,1.8,0.0,2425+2526,2627
414,Juan Bernat,MF,understat,low-volume MF,0.447,0,1.5,0.0,2425,2627
631,Ashley Young,MF,understat,low-volume MF,0.007,0,1.5,0.0,2425,2627
1762,Ovie Ejaria,MF,understat,low-volume MF,0.467,0,1.5,0.0,2526,2627
4937,Miha Zajc,MF,understat,low-volume MF,0.336,0,1.5,0.0,2425,2627
4990,Marius Marin,MF,understat,low-volume MF,0.051,0,1.5,0.0,2526,2627
6942,Arthur,MF,understat,low-volume MF,0.102,0,1.5,0.0,2425,2627
6981,Ismael Bennacer,MF,understat,low-volume MF,0.209,0,1.5,0.0,2425,2627
8226,Tariq Lamptey,MF,understat,low-volume MF,0.556,0,1.5,0.0,2425,2627
8241,Balthazar Pierret,MF,understat,low-volume MF,0.194,0,1.5,0.0,2425,2627
8893,Josan,MF,understat,low-volume MF,0.42,0,1.5,0.0,2526,2627
9766,Ismaël Gharbi,MF,fc26,low-volume MF,0.164,0,1.5,0.0,2526,2627
9935,Aster Vranckx,MF,understat,low-volume MF,0.448,0,1.5,0.0,2526,2627
10397,Ugo Raghouber,MF,understat,low-volume MF,0.087,0,1.5,0.0,2526,2627
10795,Denis Genreau,MF,understat,low-volume MF,0.445,0,1.5,0.0,2425,2627
11968,Kevin Zeroli,MF,understat,low-volume MF,0.538,0,1.5,0.0,2425,2627
12152,Matheus França,MF,understat,low-volume MF,0.42,0,1.5,0.0,2425,2627
12895,Víctor Meseguer,MF,understat,low-volume MF,0.491,0,1.5,0.0,2425,2627
12938,Andu Kelati,MF,understat,low-volume MF,0.587,0,1.5,0.0,2425,2627
13026,Luis Guilherme,MF,understat,low-volume MF,0.375,0,1.5,0.0,2425+2526,2627
13036,Pau Cabanes De La Torre,MF,understat,low-volume MF,0.431,0,1.5,0.0,2425,2627
13580,Mikel Goti,MF,understat,low-volume MF,0.644,0,1.5,0.0,2526,2627
13724,Freddie Potts,MF,understat,low-volume MF,0.392,0,1.5,0.0,2526,2627
13765,Unai Elgezabal,MF,understat,low-volume MF,0.065,0,1.5,0.0,2526,2627
13826,Kwon Hyeok-Kyu,MF,understat,low-volume MF,0.027,0,1.5,0.0,2526,2627
13965,Edoardo Iannoni,MF,understat,low-volume MF,0.684,0,1.5,0.0,2526,2627
14193,George Hemmings,MF,understat,low-volume MF,0.181,1,1.5,0.26,2526+2627,2627
14217,Romelle Donovan,MF,fc26,low-volume MF,0.227,0,1.5,0.0,2526,2627
14338,Jeremy Arévalo,MF,shot-profile,low-volume MF,0.675,0,1.5,0.0,2526,2627
842,Oriol Romeu,MF,understat,low-volume MF,0.474,0,1.2,0.0,2425,2627
4034,José Campaña,MF,understat,low-volume MF,0.018,0,1.2,0.0,2425,2627
6081,Dennis Geiger,MF,understat,low-volume MF,0.244,0,1.2,0.0,2425,2627
7198,Oliver Skipp,MF,understat,low-volume MF,0.418,0,1.2,0.0,2425,2627
8206,Yannik Keitel,MF,understat,low-volume MF,0.622,0,1.2,0.0,2425,2627
8762,Luis Pérez,MF,understat,low-volume MF,0.22,0,1.2,0.0,2425,2627
9317,Oussama Targhaline,MF,understat,low-volume MF,0.301,0,1.2,0.0,2425,2627
9705,Anthony Losilla,MF,understat,low-volume MF,0.148,0,1.2,0.0,2425,2627
10626,Mory Gbane,MF,understat,low-volume MF,0.564,0,1.2,0.0,2425,2627
10723,Stefan Bajcetic,MF,understat,low-volume MF,0.384,0,1.2,0.0,2425,2627
11585,Julien Duranville,MF,understat,low-volume MF,0.02,0,1.2,0.0,2425,2627
12343,Jhoanner Chávez,MF,understat,low-volume MF,0.093,0,1.2,0.0,2425,2627
12372,David Jurásek,MF,understat,low-volume MF,0.09,0,1.2,0.0,2425,2627
12838,Pape Diong,MF,understat,low-volume MF,0.603,0,1.2,0.0,2425,2627
13046,Lior Kasa,MF,understat,low-volume MF,0.787,0,1.2,0.0,2425,2627
1740,Paul Pogba,MF,understat,low-volume MF,0.502,0,1.0,0.0,2526,2627
2249,James Rodríguez,MF,understat,low-volume MF,0.468,0,1.0,0.0,2425,2627
2721,Dimitri Barinov,MF,understat,low-volume MF,0.592,1,1.0,0.1,2627,2627
3647,Antoine Rabillard,MF,understat,low-volume MF,0.295,1,1.0,0.03,2627,2627
6049,Solly March,MF,understat,low-volume MF,0.231,0,1.0,0.0,2425+2526,2627
6926,William Carvalho,MF,understat,low-volume MF,0.503,0,1.0,0.0,2425,2627
7157,Lucas Buades,MF,understat,low-volume MF,0.045,1,1.0,0.03,2627,2627
7831,Stefan Lainer,MF,understat,low-volume MF,0.675,0,1.0,0.0,2425,2627
7923,Pawel Dawidowicz,MF,understat,low-volume MF,0.477,0,1.0,0.0,2425,2627
8207,Oliver Batista Meier,MF,fc26,low-volume MF,0.094,1,1.0,0.04,2627,2627
8921,Iñigo Vicente,MF,understat,low-volume MF,0.007,1,1.0,0.03,2627,2627
9031,Jota,MF,understat,low-volume MF,0.542,0,1.0,0.0,2425,2627
9329,Riccardo Ciervo,MF,fc26,low-volume MF,0.178,1,1.0,0.05,2627,2627
9713,Tymoteusz Puchacz,MF,understat,low-volume MF,0.374,0,1.0,0.0,2425,2627
9737,Scott Banks,MF,fc26,low-volume MF,0.359,0,1.0,0.0,2425,2627
9765,Enric Franquesa,MF,understat,low-volume MF,0.39,0,1.0,0.0,2425,2627
9856,Emmanuel Ekong,MF,fc26,low-volume MF,0.204,0,1.0,0.0,2425,2627
9886,Nicolas Galazzi,MF,fc26,low-volume MF,0.307,1,1.0,0.02,2627,2627
9919,Calvin Stengs,MF,fc26,low-volume MF,0.4,0,1.0,0.0,2526,2627
10036,Jeremy Sarmiento,MF,fc26,low-volume MF,0.23,0,1.0,0.0,2526,2627
10255,Sadik Fofana,MF,understat,low-volume MF,0.291,0,1.0,0.0,2526,2627
10270,Lohann Doucet,MF,understat,low-volume MF,0.571,0,1.0,0.0,2526,2627
10273,Iker Benito,MF,understat,low-volume MF,0.486,0,1.0,0.0,2526,2627
10327,Chiquinho,MF,understat,low-volume MF,0.487,0,1.0,0.0,2425,2627
10375,Enzo Tchato Mbiayi,MF,understat,low-volume MF,0.454,0,1.0,0.0,2425,2627
10731,Finn Becker,MF,understat,low-volume MF,0.268,0,1.0,0.0,2425,2627
10897,Samuele Vignato,MF,understat,low-volume MF,0.586,0,1.0,0.0,2425,2627
11138,Costantino Favasuli,MF,fc26,low-volume MF,0.209,1,1.0,0.04,2627,2627
11149,Aleksandar Stankovic,MF,fc26,low-volume MF,0.301,1,1.0,0.08,2627,2627
11183,Daniel Shantaliy,MF,shot-profile,low-volume MF,0.245,1,1.0,0.03,2627,2627
11355,Noah Mbamba-Muanda,MF,understat,low-volume MF,0.705,1,1.0,0.13,2627,2627
11406,Giovani Versini,MF,understat,low-volume MF,0.694,1,1.0,0.11,2627,2627
11617,Yago Alonso,MF,understat,low-volume MF,0.443,0,1.0,0.0,2526,2627
11802,Malick Mbaye,MF,understat,low-volume MF,0.169,0,1.0,0.0,2526,2627
11930,Daniel Boloca,MF,understat,low-volume MF,0.437,0,1.0,0.0,2526,2627
12170,Joseph Nonge,MF,understat,low-volume MF,0.096,1,1.0,0.02,2627,2627
12283,Daouda Traoré,MF,shot-profile,low-volume MF,0.572,1,1.0,0.07,2627,2627
12300,Jaílson,MF,understat,low-volume MF,0.486,0,1.0,0.0,2425,2627
12371,Adam Aznou,MF,understat,low-volume MF,0.437,0,1.0,0.0,2425,2627
12434,Lewis Koumas,MF,fc26,low-volume MF,0.285,1,1.0,0.05,2627,2627
12462,Matija Popovic,MF,shot-profile,low-volume MF,0.025,1,1.0,0.06,2627,2627
12556,Rayan Bamba,MF,understat,low-volume MF,0.204,1,1.0,0.04,2627,2627
12598,Rafik Messali,MF,understat,low-volume MF,0.548,0,1.0,0.0,2425,2627
12774,Andy Irving,MF,understat,low-volume MF,0.352,0,1.0,0.0,2425,2627
12923,Yusuf Kabadayi,MF,fc26,low-volume MF,0.531,0,1.0,0.0,2425,2627
13214,Aladji Bamba,MF,understat,low-volume MF,0.607,0,1.0,0.0,2526,2627
13226,Noah Darvich,MF,fc26,low-volume MF,0.366,1,1.0,0.43,2627,2627
13421,Wisdom Mike,MF,shot-profile,low-volume MF,0.059,0,1.0,0.0,2526,2627
13444,Florinel Coman,MF,understat,low-volume MF,0.301,0,1.0,0.0,2425,2627
13530,Ange Tia,MF,understat,low-volume MF,0.732,0,1.0,0.0,2425,2627
13599,Alessio Cacciamani,MF,understat,low-volume MF,0.614,1,1.0,0.13,2627,2627
13819,Maxi Oyedele,MF,understat,low-volume MF,0.566,0,1.0,0.0,2526,2627
13878,Olaf Gorter,MF,understat,low-volume MF,0.484,1,1.0,0.06,2627,2627
13899,Michele Collocolo,MF,understat,low-volume MF,0.2,0,1.0,0.0,2526,2627
13989,Antonio Arena,MF,shot-profile,low-volume MF,0.711,0,1.0,0.0,2526,2627
14097,Ryan McAidoo,MF,shot-profile,low-volume MF,0.57,1,1.0,0.18,2627,2627
14173,Pablo Agudín,MF,shot-profile,low-volume MF,0.152,0,1.0,0.0,2526,2627
14181,Abdou-Salam Konate,MF,understat,low-volume MF,0.085,1,1.0,0.01,2627,2627
14195,Adil Hamdani,MF,shot-profile,low-volume MF,0.437,0,1.0,0.0,2526,2627
14254,Reigan Heskey,MF,shot-profile,low-volume MF,0.307,1,1.0,0.02,2627,2627
14300,Emanuele Lulli,MF,understat,low-volume MF,0.563,1,1.0,0.06,2627,2627
14374,Alex Tóth,MF,understat,low-volume MF,0.409,0,1.0,0.0,2526,2627
14397,Tai Abed,MF,shot-profile,low-volume MF,0.402,0,1.0,0.0,2526,2627
14502,Manuel Ángel,MF,understat,low-volume MF,0.431,0,1.0,0.0,2526,2627
14584,Jesse Derry,MF,understat,low-volume MF,0.367,0,1.0,0.0,2526,2627
14607,Nico Guillén,MF,understat,low-volume MF,0.245,1,1.0,0.03,2627,2627
14688,Sergio Martínez,MF,understat,low-volume MF,0.243,1,1.0,0.03,2627,2627
14729,Izan Merino,MF,understat,low-volume MF,0.454,1,1.0,0.03,2627,2627
14731,Dani Lorenzo,MF,understat,low-volume MF,0.254,1,1.0,0.46,2627,2627
14744,Caleb Yirenkyi,MF,understat,low-volume MF,0.544,1,1.0,0.03,2627,2627
14749,Tatsuhiro Sakamoto,MF,fc26,low-volume MF,0.155,1,1.0,0.03,2627,2627
14771,Marcelino Núñez,MF,understat,low-volume MF,0.425,1,1.0,0.06,2627,2627
14777,Beñat Gerenabarrena,MF,understat,low-volume MF,0.456,1,1.0,0.03,2627,2627
14780,Yacine Titraoui,MF,understat,low-volume MF,0.447,1,1.0,0.02,2627,2627
14786,Rayan Mandengue,MF,shot-profile,low-volume MF,0.015,1,1.0,0.05,2627,2627
14889,Matteo Cichella,MF,understat,low-volume MF,0.245,1,1.0,0.03,2627,2627
14893,Francho Serrano,MF,understat,low-volume MF,0.3,1,1.0,0.01,2627,2627
14910,Mikel Amondarain,MF,understat,low-volume MF,0.194,1,1.0,0.06,2627,2627
14911,Marco Libra,MF,shot-profile,low-volume MF,0.563,1,1.0,0.06,2627,2627
14919,Christ Inao Oulaï,MF,understat,low-volume MF,0.048,1,1.0,0.02,2627,2627
14923,Geovany Quenda,MF,fc26,low-volume MF,0.32,1,1.0,0.03,2627,2627
14953,Rael Nakuzola,MF,shot-profile,low-volume MF,0.098,1,1.0,0.02,2627,2627
14972,Raphael Onyedika,MF,understat,low-volume MF,0.101,1,1.0,0.03,2627,2627
14975,Paul Okon-Engstler,MF,understat,low-volume MF,0.317,1,1.0,0.09,2627,2627
14991,Kauã Prates,MF,shot-profile,low-volume MF,0.441,1,1.0,0.02,2627,2627
15004,Ludovit Reis,MF,understat,low-volume MF,0.442,1,1.0,0.02,2627,2627
15005,Dariusz Stalmach,MF,fc26,low-volume MF,0.413,1,1.0,0.38,2627,2627
15015,Ron Schallenberg,MF,understat,low-volume MF,0.428,1,1.0,0.15,2627,2627
15028,Gnangoro,MF,understat,low-volume MF,0.448,1,1.0,0.02,2627,2627
15041,Youri Regeer,MF,understat,low-volume MF,0.094,1,1.0,0.01,2627,2627
211,Marvin Schulz,MF,understat,low-volume MF,0.225,0,0.8,0.0,2425,2627
486,Adam Lallana,MF,understat,low-volume MF,0.5,0,0.8,0.0,2425,2627
1785,Nampalys Mendy,MF,understat,low-volume MF,0.581,0,0.8,0.0,2425,2627
3346,Jonas Martin,MF,understat,low-volume MF,0.581,0,0.8,0.0,2425,2627
3415,Birama Touré,MF,understat,low-volume MF,0.388,0,0.8,0.0,2425,2627
5217,Anthony Jung,MF,understat,low-volume MF,0.196,0,0.8,0.0,2425+2526,2627
7013,Matteo Pessina,MF,understat,low-volume MF,0.492,0,0.8,0.0,2425,2627
7164,Florent Muslija,MF,fc26,low-volume MF,0.618,0,0.8,0.0,2425,2627
7246,Valery Fernández,MF,understat,low-volume MF,0.745,0,0.8,0.0,2425,2627
7868,Diadie Samassékou,MF,understat,low-volume MF,0.444,0,0.8,0.0,2425,2627
8330,Jean Onana,MF,understat,low-volume MF,0.348,0,0.8,0.0,2425+2526,2627
9344,Viktor Kovalenko,MF,understat,low-volume MF,0.444,0,0.8,0.0,2425,2627
10561,Jesús Santiago,MF,understat,low-volume MF,0.302,0,0.8,0.0,2425+2526,2627
11323,Arne Engels,MF,understat,low-volume MF,0.635,0,0.8,0.0,2425,2627
11367,Victor Kristiansen,MF,understat,low-volume MF,0.536,0,0.8,0.0,2425,2627
12793,Julián Chicco,MF,understat,low-volume MF,0.444,0,0.8,0.0,2425,2627
12811,Ayman Aiki,MF,understat,low-volume MF,0.477,0,0.8,0.0,2425,2627
13403,Welington,MF,understat,low-volume MF,0.24,0,0.8,0.0,2425,2627
13579,Jeremy Monga,MF,shot-profile,low-volume MF,0.431,0,0.8,0.0,2425,2627
925,Patrick Roberts,MF,fc26,low-volume MF,0.286,0,0.5,0.0,2526,2627
1389,Jorginho,MF,understat,low-volume MF,0.474,0,0.5,0.0,2425,2627
1445,Simone Verdi,MF,shot-profile,low-volume MF,0.555,0,0.5,0.0,2425,2627
1817,Mario Balotelli,MF,shot-profile,low-volume MF,0.398,0,0.5,0.0,2425,2627
6079,Fabio González,MF,understat,low-volume MF,0.479,0,0.5,0.0,2425,2627
6296,Abdelhamid Sabiri,MF,fc26,low-volume MF,0.461,0,0.5,0.0,2526,2627
7910,Szymon Zurkowski,MF,understat,low-volume MF,0.241,0,0.5,0.0,2425,2627
8334,Hugo Guillamón,MF,understat,low-volume MF,0.561,0,0.5,0.0,2425,2627
8405,Immanuel Pherai,MF,fc26,low-volume MF,0.505,0,0.5,0.0,2526,2627
8410,Rodrigo Sánchez,MF,understat,low-volume MF,0.554,0,0.5,0.0,2425,2627
8429,Luka Romero,MF,understat,low-volume MF,0.772,0,0.5,0.0,2425,2627
8808,Wataru Endo,MF,understat,low-volume MF,0.603,0,0.5,0.0,2526,2627
9425,Emil Bohinen,MF,understat,low-volume MF,0.531,0,0.5,0.0,2425,2627
9642,Salis Abdul Samed,MF,understat,low-volume MF,0.321,0,0.5,0.0,2526,2627
10222,Estanis Pedrola,MF,fc26,low-volume MF,0.578,0,0.5,0.0,2425,2627
10474,Robert Wagner,MF,understat,low-volume MF,0.668,0,0.5,0.0,2425,2627
10596,Simone Pafundi,MF,fc26,low-volume MF,0.345,0,0.5,0.0,2425,2627
11358,José Gragera,MF,understat,low-volume MF,0.504,0,0.5,0.0,2425,2627
11634,Daniel Rodríguez,MF,understat,low-volume MF,0.339,0,0.5,0.0,2425,2627
11737,Silvi Clua,MF,understat,low-volume MF,0.445,0,0.5,0.0,2425,2627
11996,Mathis Lambourde,MF,fc26,low-volume MF,0.72,0,0.5,0.0,2425,2627
12127,Yanis Issoufou,MF,understat,low-volume MF,0.623,0,0.5,0.0,2425,2627
12154,Nabil Aberdin,MF,understat,low-volume MF,0.503,0,0.5,0.0,2425,2627
12266,Samuel Bamba,MF,shot-profile,low-volume MF,0.405,0,0.5,0.0,2425,2627
12380,Dani Silva,MF,understat,low-volume MF,0.517,0,0.5,0.0,2425,2627
12908,Matthias Braunöder,MF,understat,low-volume MF,0.391,0,0.5,0.0,2425,2627
12951,Jan Salas,MF,fc26,low-volume MF,0.562,0,0.5,0.0,2425,2627
13092,Carlos Forbs,MF,understat,low-volume MF,0.652,0,0.5,0.0,2425,2627
13105,Abdoulaye Keita,MF,understat,low-volume MF,0.504,0,0.5,0.0,2425,2627
13150,Jack Fletcher,MF,shot-profile,low-volume MF,0.429,0,0.5,0.0,2526,2627
13265,Everton Pereira,MF,understat,low-volume MF,0.552,0,0.5,0.0,2526,2627
13270,Sergiu Perciun,MF,fc26,low-volume MF,0.506,0,0.5,0.0,2425,2627
13352,John Tolkin,MF,understat,low-volume MF,0.346,0,0.5,0.0,2425,2627
13406,David Preu,MF,understat,low-volume MF,0.537,0,0.5,0.0,2425,2627
13438,Duk,MF,understat,low-volume MF,0.297,0,0.5,0.0,2425,2627
13868,Lazar Jovanovic,MF,fc26,low-volume MF,0.647,0,0.5,0.0,2526,2627
13889,Jano Monserrate,MF,shot-profile,low-volume MF,0.243,0,0.5,0.0,2526,2627
13995,Sota Kawasaki,MF,understat,low-volume MF,0.595,0,0.5,0.0,2526,2627
14021,Benjamín Cremaschi,MF,understat,low-volume MF,0.418,0,0.5,0.0,2526,2627
14022,William Bøving,MF,understat,low-volume MF,0.263,0,0.5,0.0,2526,2627
14029,Tom Watson,MF,fc26,low-volume MF,0.584,0,0.5,0.0,2526,2627
14130,David Santos,MF,shot-profile,low-volume MF,0.272,0,0.5,0.0,2526,2627
14174,Pharell Hensel,MF,understat,low-volume MF,0.391,0,0.5,0.0,2526,2627
14216,Eder García,MF,shot-profile,low-volume MF,0.28,0,0.5,0.0,2526,2627
14221,Carlos Macià,MF,shot-profile,low-volume MF,0.501,0,0.5,0.0,2526,2627
14259,Lander Astiazarán,MF,shot-profile,low-volume MF,0.42,0,0.5,0.0,2526,2627
14287,Alejandro Mestanza,MF,understat,low-volume MF,0.616,0,0.5,0.0,2526,2627
14296,Everton Pereira da Silva,MF,understat,low-volume MF,0.573,0,0.5,0.0,2526,2627
14410,Souza,MF,understat,low-volume MF,0.387,0,0.5,0.0,2526,2627
14413,Wesley,MF,understat,low-volume MF,0.321,0,0.5,0.0,2526,2627
14442,Adrian Przyborek,MF,fc26,low-volume MF,0.463,0,0.5,0.0,2526,2627
14562,Jacopo Grossi,MF,shot-profile,low-volume MF,0.365,0,0.5,0.0,2526,2627
14566,Simone Lottici Tessadri,MF,shot-profile,low-volume MF,0.324,0,0.5,0.0,2526,2627
14581,Idrissa Sabaly,MF,understat,low-volume MF,0.24,0,0.5,0.0,2526,2627
14612,Miguel Calatayud,MF,shot-profile,low-volume MF,0.585,0,0.5,0.0,2526,2627
1683,Ryan Fraser,MF,understat,low-volume MF,0.594,0,0.2,0.0,2425,2627
3978,Marco Faraoni,MF,understat,low-volume MF,0.625,0,0.2,0.0,2425,2627
4768,Wylan Cyprien,MF,fc26,low-volume MF,0.704,0,0.2,0.0,2425,2627
4959,Filippo Melegoni,MF,understat,low-volume MF,0.621,0,0.2,0.0,2425,2627
6161,Nicolas Haas,MF,understat,low-volume MF,0.493,0,0.2,0.0,2425,2627
6443,Ben Kone,MF,shot-profile,low-volume MF,0.532,0,0.2,0.0,2425,2627
7913,Lamine Fomba,MF,understat,low-volume MF,0.617,0,0.2,0.0,2425,2627
8151,Hianga&#039;a M&#039;Bock,MF,shot-profile,low-volume MF,0.531,0,0.2,0.0,2425,2627
8175,Zinédine Ould Khaled,MF,understat,low-volume MF,0.461,0,0.2,0.0,2425,2627
9057,Franco Ezequiel Carboni,MF,understat,low-volume MF,0.586,0,0.2,0.0,2425,2627
9293,Hugo Novoa Ramos,MF,understat,low-volume MF,0.719,0,0.2,0.0,2425,2627
9778,Henrique,MF,understat,low-volume MF,0.563,0,0.2,0.0,2425,2627
9903,Domen Crnigoj,MF,understat,low-volume MF,0.646,0,0.2,0.0,2425,2627
10025,Lamare Bogarde,MF,understat,low-volume MF,0.627,0,0.2,0.0,2425,2627
10053,Paris Maghoma,MF,fc26,low-volume MF,0.537,0,0.2,0.0,2425,2627
10801,Rares Ilie,MF,fc26,low-volume MF,0.647,0,0.2,0.0,2425,2627
11265,Diego Hormigo,MF,understat,low-volume MF,0.474,0,0.2,0.0,2425,2627
11568,Mario Maroto,MF,fc26,low-volume MF,0.489,0,0.2,0.0,2425,2627
11738,Iker Almena,MF,fc26,low-volume MF,0.493,0,0.2,0.0,2425,2627
11844,Tim Breithaupt,MF,understat,low-volume MF,0.607,0,0.2,0.0,2425,2627
11862,Norman Theuerkauf,MF,understat,low-volume MF,0.437,0,0.2,0.0,2425,2627
12013,Skelly Alvero,MF,understat,low-volume MF,0.605,0,0.2,0.0,2425,2627
12252,Alberto Manzoni,MF,shot-profile,low-volume MF,0.62,0,0.2,0.0,2425,2627
12296,Lewis Orford,MF,fc26,low-volume MF,0.471,0,0.2,0.0,2425,2627
12461,Toby Collyer,MF,fc26,low-volume MF,0.604,0,0.2,0.0,2425,2627
12633,Yunus Konak,MF,shot-profile,low-volume MF,0.637,0,0.2,0.0,2425,2627
12786,Mateusz Kowalski,MF,understat,low-volume MF,0.643,0,0.2,0.0,2425,2627
12837,Caleb Wiley,MF,understat,low-volume MF,0.49,0,0.2,0.0,2425,2627
12839,Óscar Perea,MF,fc26,low-volume MF,0.475,0,0.2,0.0,2425,2627
12879,Glen Kamara,MF,understat,low-volume MF,0.642,0,0.2,0.0,2425,2627
13029,Naci Ünüvar,MF,fc26,low-volume MF,0.453,0,0.2,0.0,2425,2627
13039,Asher Agbinone,MF,shot-profile,low-volume MF,0.554,0,0.2,0.0,2425,2627
13074,Dominik Javorcek,MF,understat,low-volume MF,0.475,0,0.2,0.0,2425,2627
13182,Younes Lachaab,MF,shot-profile,low-volume MF,0.625,0,0.2,0.0,2425,2627
13285,Thiago Ojeda,MF,shot-profile,low-volume MF,0.494,0,0.2,0.0,2425,2627
13366,Sergio Viera,MF,understat,low-volume MF,0.602,0,0.2,0.0,2425,2627
13381,Leandro Antonetti,MF,shot-profile,low-volume MF,0.669,0,0.2,0.0,2425,2627
13387,Romain Esse,MF,understat,low-volume MF,0.652,0,0.2,0.0,2425,2627
13404,Tamás Nikitscher,MF,understat,low-volume MF,0.533,0,0.2,0.0,2425,2627
13531,Diego Martín,MF,shot-profile,low-volume MF,0.533,0,0.2,0.0,2425,2627
13629,Ibrahim Alani,MF,understat,low-volume MF,0.475,0,0.2,0.0,2425,2627
9948,Michael Olise,MF,understat,wide mid,0.129,17,89.5,2.24,2425+2526+2627,2627
5596,Harry Wilson,MF,understat,wide mid,0.266,1,50.8,0.01,2425+2526+2627,2627
9211,Nico Williams,MF,understat,wide mid,0.222,9,45.8,1.31,2425+2526+2627,2627
11965,Tijjani Reijnders,MF,understat,wide mid,0.31,0,43.8,0.0,2425+2526,2627
8127,Amad Diallo Traore,MF,understat,wide mid,0.236,0,38.8,0.0,2425+2526,2627
10552,Alejandro Garnacho,MF,understat,wide mid,0.247,0,37.5,0.0,2425+2526,2627
9154,Elliot Anderson,MF,understat,wide mid,0.244,3,35.0,0.07,2425+2526+2627,2627
12954,Can Uzun,MF,understat,wide mid,0.027,6,33.2,2.12,2425+2526+2627,2627
7870,Luis Rioja,MF,understat,wide mid,0.188,3,32.5,0.44,2425+2526+2627,2627
11357,Noni Madueke,MF,understat,wide mid,0.16,0,32.5,0.0,2425+2526,2627
14010,Igor Paixão,MF,understat,wide mid,0.285,4,32.5,0.26,2526+2627,2627
9718,Jamie Leweling,MF,understat,wide mid,0.24,0,31.8,0.0,2425+2526,2627
9739,Kiernan Dewsbury-Hall,MF,understat,wide mid,0.065,12,31.8,0.84,2425+2526+2627,2627
6449,Chris Führich,MF,understat,wide mid,0.343,0,31.5,0.0,2425+2526,2627
10809,Keane Lewis-Potter,MF,understat,wide mid,0.145,9,31.5,1.15,2425+2526+2627,2627
6452,Mahdi Camara,MF,understat,wide mid,0.103,4,30.8,0.22,2425+2526+2627,2627
1178,Davide Zappacosta,MF,understat,wide mid,0.371,2,30.2,0.08,2425+2526+2627,2627
7515,Andrei Ratiu,MF,understat,wide mid,0.19,7,30.2,0.62,2425+2526+2627,2627
8697,Jonathan Clauss,MF,understat,wide mid,0.261,12,30.0,0.71,2425+2526+2627,2627
12759,Yankuba Minteh,MF,understat,wide mid,0.243,0,29.0,0.0,2425+2526,2627
8341,Lazar Samardzic,MF,understat,wide mid,0.018,7,27.8,0.54,2425+2526+2627,2627
12045,Aron Dønnum,MF,understat,wide mid,0.029,0,27.8,0.0,2425+2526,2627
14395,Rayan,MF,understat,wide mid,0.148,12,26.0,1.59,2526+2627,2627
14052,Pathé Mboup,MF,understat,wide mid,0.105,14,25.5,1.51,2526+2627,2627
10860,Derry Scherhant,MF,understat,wide mid,0.252,7,25.0,0.35,2526+2627,2627
10348,Omari Hutchinson,MF,understat,wide mid,0.237,1,24.8,0.02,2425+2526+2627,2627
9036,Nicola Zalewski,MF,understat,wide mid,0.246,3,24.5,0.16,2425+2526+2627,2627
6601,Timothy Weah,MF,understat,wide mid,0.336,4,23.8,0.29,2425+2526+2627,2627
10209,Jofre Carreras,MF,understat,wide mid,0.566,2,23.5,0.15,2425+2526+2627,2627
13829,Tyrhys Dolan,MF,understat,wide mid,0.54,6,23.0,0.32,2526+2627,2627
6665,Curtis Jones,MF,understat,wide mid,0.468,2,21.5,0.05,2425+2526+2627,2627
6630,Joe Willock,MF,understat,wide mid,0.306,8,21.0,0.7,2425+2526+2627,2627
10517,Yassin Belkhdim,MF,understat,wide mid,0.402,2,20.8,0.07,2425+2526+2627,2627
10935,Dodô,MF,understat,wide mid,0.114,1,20.2,0.01,2425+2526+2627,2627
10957,Mikael Ellertsson,MF,understat,wide mid,0.349,2,20.2,0.11,2425+2526+2627,2627
9399,Quentin Merlin,MF,understat,wide mid,0.404,0,19.5,0.0,2425+2526,2627
12498,Valentín Barco,MF,understat,wide mid,0.55,2,19.5,0.13,2425+2526+2627,2627
6756,Dwight McNeil,MF,understat,wide mid,0.218,1,19.0,0.02,2425+2526+2627,2627
10771,Ben Seghir,MF,understat,wide mid,0.082,0,18.5,0.0,2425+2526,2627
13066,Ferdi Kadioglu,MF,understat,wide mid,0.143,3,18.0,0.1,2425+2526+2627,2627
12997,Alieu Fadera,MF,understat,wide mid,0.441,4,17.5,0.2,2425+2526+2627,2627
9724,David Raum,MF,understat,wide mid,0.126,3,17.2,0.11,2425+2526+2627,2627
9841,Andrea Cambiaso,MF,understat,wide mid,0.263,0,17.2,0.0,2425+2526,2627
8720,Jack Harrison,MF,understat,wide mid,0.329,0,16.8,0.0,2425+2526,2627
1500,Leonardo Spinazzola,MF,understat,wide mid,0.187,3,16.5,0.14,2425+2526+2627,2627
11982,Jan-Niklas Beste,MF,understat,wide mid,0.327,3,16.5,0.1,2425+2526+2627,2627
12168,Alejandro Jiménez,MF,understat,wide mid,0.1,2,16.2,0.35,2425+2526+2627,2627
6672,Riccardo Sottil,MF,understat,wide mid,0.204,0,16.0,0.0,2425+2526,2627
7174,Adrià Pedrosa,MF,understat,wide mid,0.263,4,16.0,0.24,2425+2526+2627,2627
8980,Luis Henrique,MF,understat,wide mid,0.282,1,16.0,0.06,2425+2526+2627,2627
11618,Samuel Amo-Ameyaw,MF,understat,wide mid,0.506,5,16.0,0.31,2425+2526+2627,2627
14392,Ángel Pérez,MF,understat,wide mid,0.206,9,16.0,1.06,2526+2627,2627
13376,Pablo García,MF,understat,wide mid,0.487,9,15.5,0.99,2526+2627,2627
6872,Mehmet Zeki Çelik,MF,understat,wide mid,0.238,1,15.2,0.04,2425+2526+2627,2627
12981,Manolis Saliakas,MF,understat,wide mid,0.043,0,15.2,0.0,2425+2526,2627
6109,Konrad Laimer,MF,understat,wide mid,0.117,2,15.0,0.42,2425+2526+2627,2627
10485,Guemissongui Ouattara,MF,understat,wide mid,0.294,0,14.8,0.0,2425+2526,2627
12573,Tyrique George,MF,understat,wide mid,0.373,9,14.8,0.36,2425+2526+2627,2627
13451,Konan N’Dri,MF,understat,wide mid,0.333,3,14.8,0.2,2425+2526+2627,2627
6837,Ryan Sessegnon,MF,understat,wide mid,0.036,3,14.5,0.14,2425+2526+2627,2627
9328,Jeremie Frimpong,MF,understat,wide mid,0.239,1,14.5,0.01,2425+2526+2627,2627
9866,Nadir Zortea,MF,understat,wide mid,0.136,1,14.5,0.04,2425+2526+2627,2627
12426,Stanis Idumbo Muzambo,MF,understat,wide mid,0.093,10,14.5,0.76,2425+2526+2627,2627
10078,Hugo Álvarez,MF,understat,wide mid,0.167,1,14.2,0.11,2425+2526+2627,2627
9689,Albert Sambi Lokonga,MF,understat,wide mid,0.376,1,13.8,0.03,2425+2526+2627,2627
12801,Osame Sahraoui,MF,understat,wide mid,0.251,2,13.8,0.16,2425+2526+2627,2627
6674,Rayan Ait Nouri,MF,understat,wide mid,0.173,0,13.5,0.0,2425+2526,2627
9944,Gabriel Gudmundsson,MF,understat,wide mid,0.172,0,13.5,0.0,2425+2526,2627
13857,Ernest Poku,MF,understat,wide mid,0.166,0,13.5,0.0,2526,2627
13891,Wesley,MF,understat,wide mid,0.468,1,13.5,0.03,2526+2627,2627
14030,Kevin,MF,understat,wide mid,0.101,1,13.5,0.03,2526+2627,2627
4168,Javi Muñoz,MF,understat,wide mid,0.227,0,13.2,0.0,2425+2526,2627
2571,Sergio Canales,MF,understat,wide mid,0.112,13,13.0,1.06,2627,2627
9205,Jayden Bogle,MF,understat,wide mid,0.044,4,13.0,1.2,2526+2627,2627
14359,Gessime Yassine,MF,understat,wide mid,0.19,9,13.0,1.09,2526+2627,2627
6445,Elvis Rexhbecaj,MF,understat,wide mid,0.47,0,12.8,0.0,2425+2526,2627
6211,Mehdi Leris,MF,understat,wide mid,0.345,0,12.5,0.0,2526,2627
7842,Aleix Febas,MF,understat,wide mid,0.154,1,12.5,0.02,2526+2627,2627
9633,Przemyslaw Frankowski,MF,understat,wide mid,0.257,4,12.5,0.27,2425+2526+2627,2627
8092,Tom Krauß,MF,understat,wide mid,0.028,5,12.2,0.77,2425+2526+2627,2627
9632,Deiver Machado,MF,understat,wide mid,0.307,0,12.0,0.0,2425+2526,2627
9674,Joe Scally,MF,understat,wide mid,0.23,2,12.0,0.21,2425+2526+2627,2627
12928,Alexander Prass,MF,understat,wide mid,0.105,0,12.0,0.0,2425+2526,2627
13922,Miro Muheim,MF,understat,wide mid,0.101,0,12.0,0.0,2526,2627
8973,Lorenz Assignon,MF,understat,wide mid,0.308,0,11.5,0.0,2425+2526,2627
10943,Samuel Lino,MF,understat,wide mid,0.122,0,11.2,0.0,2425,2627
11967,Davide Bartesaghi,MF,understat,wide mid,0.291,0,11.2,0.0,2425+2526,2627
226,Kingsley Coman,MF,understat,wide mid,0.328,0,11.0,0.0,2425,2627
6345,Jadon Sancho,MF,understat,wide mid,0.454,0,11.0,0.0,2425+2526,2627
7785,Kingsley Ehizibue,MF,understat,wide mid,0.284,3,11.0,0.1,2425+2526+2627,2627
10944,Fran Pérez,MF,understat,wide mid,0.464,1,11.0,0.03,2425+2526+2627,2627
11787,Loïc Négo,MF,understat,wide mid,0.208,0,11.0,0.0,2425+2526,2627
13136,Brooke Norton-Cuffy,MF,understat,wide mid,0.144,2,10.8,0.11,2425+2526+2627,2627
101,Allan Saint-Maximin,MF,understat,wide mid,0.114,0,10.5,0.0,2526,2627
1144,Seko Fofana,MF,understat,wide mid,0.066,0,10.5,0.0,2425+2526,2627
2379,João Cancelo,MF,understat,wide mid,0.078,4,10.5,0.09,2526+2627,2627
7997,Julian Ryerson,MF,understat,wide mid,0.137,0,10.5,0.0,2425+2526,2627
12790,Abel Bretones,MF,understat,wide mid,0.156,2,10.5,0.03,2425+2526+2627,2627
14258,Kareem Tunde,MF,understat,wide mid,0.315,0,10.5,0.0,2526,2627
6006,Ruben Aguilar,MF,understat,wide mid,0.139,1,10.2,0.07,2425+2526+2627,2627
8409,Juanlu Sanchez,MF,understat,wide mid,0.112,0,10.2,0.0,2425+2526,2627
13692,Rio Ngumoha,MF,understat,wide mid,0.382,2,10.0,0.39,2526+2627,2627
8119,Boubacar Traore,MF,understat,wide mid,0.009,0,9.5,0.0,2526,2627
12012,Marcus Pedersen,MF,understat,wide mid,0.307,0,9.5,0.0,2425+2526,2627
13882,Arkadiusz Pyrka,MF,understat,wide mid,0.478,0,9.5,0.0,2526,2627
9825,Nicolás Serrano,MF,understat,wide mid,0.334,0,9.2,0.0,2425+2526,2627
608,Alberto Moreno,MF,understat,wide mid,0.19,0,9.0,0.0,2425+2526,2627
10764,Djed Spence,MF,understat,wide mid,0.434,0,9.0,0.0,2425+2526,2627
11882,Giorgi Kvernadze,MF,understat,wide mid,0.297,9,9.0,1.1,2627,2627
14918,Rodrigo Mora,MF,understat,wide mid,0.097,9,9.0,1.04,2627,2627
7755,Domagoj Bradaric,MF,understat,wide mid,0.394,0,8.8,0.0,2425+2526,2627
12162,Ayyoub Bouaddi,MF,understat,wide mid,0.054,0,8.8,0.0,2425+2526,2627
1040,Angelino,MF,understat,wide mid,0.354,0,8.5,0.0,2425+2526,2627
9745,Dimitris Giannoulis,MF,understat,wide mid,0.133,0,8.2,0.0,2425+2526,2627
13047,Coba da Costa,MF,understat,wide mid,0.243,0,8.2,0.0,2425+2526,2627
6352,Valentino Lazaro,MF,understat,wide mid,0.125,0,8.0,0.0,2425+2526,2627
7980,Adil Aouchiche,MF,understat,wide mid,0.407,8,8.0,1.0,2627,2627
10140,Hugo Bueno,MF,understat,wide mid,0.491,0,8.0,0.0,2526,2627
11139,Tommaso Barbieri,MF,understat,wide mid,0.316,0,8.0,0.0,2526,2627
12028,Olivier Deman,MF,understat,wide mid,0.184,3,8.0,0.1,2526+2627,2627
12868,Mattia Felici,MF,understat,wide mid,0.179,1,8.0,0.06,2425+2526+2627,2627
13202,Kerim-Sam Alajbegovic,MF,understat,wide mid,0.094,8,8.0,0.24,2627,2627
13918,Julián Vignolo,MF,understat,wide mid,0.015,4,8.0,0.22,2526+2627,2627
14760,Mohamed Belloumi,MF,understat,wide mid,0.055,8,8.0,0.53,2627,2627
2521,Alfonso,MF,understat,wide mid,0.347,1,7.8,0.02,2425+2526+2627,2627
885,Kyle Walker-Peters,MF,understat,wide mid,0.204,0,7.5,0.0,2425+2526,2627
11418,Alphadjo Cissè,MF,understat,wide mid,0.291,7,7.5,0.48,2425+2627,2627
13884,Louis Oppie,MF,understat,wide mid,0.288,0,7.5,0.0,2526,2627
13980,Sascha Britschgi,MF,understat,wide mid,0.1,1,7.5,0.01,2526+2627,2627
9681,Frank Onyeka,MF,understat,wide mid,0.022,1,7.0,0.04,2425+2627,2627
1281,Giuseppe Pezzella,MF,understat,wide mid,0.302,0,6.8,0.0,2425+2526,2627
435,Benjamin Henrichs,MF,understat,wide mid,0.326,2,6.5,0.1,2425+2526+2627,2627
7484,Stephy Mavididi,MF,understat,wide mid,0.213,0,6.5,0.0,2425,2627
10906,Thórir Helgason,MF,understat,wide mid,0.084,1,6.5,0.01,2425+2526+2627,2627
8701,Timothee Pembele,MF,understat,wide mid,0.025,2,6.0,0.08,2425+2526+2627,2627
13342,Alessandro Romano,MF,understat,wide mid,0.325,6,6.0,0.18,2627,2627
14032,Tiago Gouveia,MF,understat,wide mid,0.183,0,6.0,0.0,2526,2627
14735,Rafa Rodríguez,MF,understat,wide mid,0.185,6,6.0,0.19,2627,2627
9415,Jaden Philogene-Bidace,MF,understat,wide mid,0.121,1,5.8,0.01,2425+2627,2627
13407,Fredrik Oppegård,MF,understat,wide mid,0.389,0,5.8,0.0,2425+2526,2627
1898,Stefano Sabelli,MF,understat,wide mid,0.122,0,5.5,0.0,2425+2526,2627
2663,Felix Passlack,MF,understat,wide mid,0.34,0,5.5,0.0,2425,2627
11520,Lorenzo Bernasconi,MF,understat,wide mid,0.379,1,5.5,0.04,2526+2627,2627
13864,Cyriaque Irié,MF,understat,wide mid,0.122,2,5.5,0.13,2526+2627,2627
14364,Job Ochieng,MF,understat,wide mid,0.405,5,5.5,0.45,2526+2627,2627
8451,Ivan Komarov,MF,understat,wide mid,0.305,5,5.0,0.23,2627,2627
9247,Mario Soriano,MF,understat,wide mid,0.346,5,5.0,0.26,2627,2627
12587,Keyliane Abdallah,MF,fc26,wide mid,0.033,5,5.0,0.29,2627,2627
13131,Cole Campbell,MF,understat,wide mid,0.319,4,5.0,0.51,2526+2627,2627
14781,Franjo Ivanovic,MF,understat,wide mid,0.06,5,5.0,1.11,2627,2627
14801,Ryunosuke Sato,MF,understat,wide mid,0.341,5,5.0,0.34,2627,2627
